{
  "type": "FeatureCollection",
  "name": "PMNTN_감악산_414800101",
  "crs": {
    "type": "name",
    "properties": { "name": "urn:ogc:def:crs:OGC:1.3:CRS84" }
  },
  "features": [
    {
      "type": "Feature",
      "properties": {
        "PMNTN_SN": 1113,
        "MNTN_CODE": "414800101",
        "MNTN_NM": "감악산",
        "PMNTN_NM": "신암리구간",
        "PMNTN_MAIN": null,
        "PMNTN_LT": 2.73,
        "PMNTN_DFFL": "쉬움",
        "PMNTN_UPPL": 59,
        "PMNTN_GODN": 41,
        "PMNTN_MTRQ": null,
        "PMNTN_CNRL": null,
        "PMNTN_CLS_": null,
        "PMNTN_RISK": null,
        "PMNTN_RECO": null,
        "DATA_STDR_": "2016-12-31",
        "MNTN_ID": "416300101"
      },
      "geometry": {
        "type": "LineString",
        "coordinates": [
          [126.962645656376935, 37.905621382954791],
          [126.962741974531568, 37.905653146530319],
          [126.96283437178046, 37.905687864785897],
          [126.962922849265723, 37.905725538632034],
          [126.963007405854952, 37.905766168077207],
          [126.963088041551316, 37.905809754030678],
          [126.963164756358481, 37.905856294698566],
          [126.96323755141438, 37.905905791890746],
          [126.963306425583269, 37.905958244713077],
          [126.963354297614885, 37.905999920173649],
          [126.963400501462871, 37.906046466499269],
          [126.963445524704099, 37.906098364046329],
          [126.963490254904613, 37.906156632058867],
          [126.963561473956489, 37.906262521337787],
          [126.963695510531366, 37.90648395078253],
          [126.963754618077573, 37.906575581469738],
          [126.96382150184327, 37.906670548008286],
          [126.963997627849551, 37.906911718889731],
          [126.964046044314557, 37.906981654131137],
          [126.964087474278884, 37.907045116642479],
          [126.964132113596051, 37.907119487842152],
          [126.964169727629425, 37.907189935978622],
          [126.964201036615577, 37.907257821702736],
          [126.964226359720826, 37.9073238442489],
          [126.964270123461091, 37.907450601397223],
          [126.964294376244354, 37.907526934901803],
          [126.96431358960082, 37.907598193658977],
          [126.964326729766952, 37.907662260140519],
          [126.964334486631103, 37.907724501478867],
          [126.964336033779134, 37.907781985754283],
          [126.964331386802129, 37.907835362552177],
          [126.964316239203413, 37.907896916734209],
          [126.964300222529388, 37.907933197380487],
          [126.964285180139171, 37.907958139945045],
          [126.964266632695313, 37.907984043651176],
          [126.964218309047752, 37.908039997387434],
          [126.964076046700953, 37.908213997428973],
          [126.964053632780249, 37.908242537882941],
          [126.964035305163321, 37.908269717354571],
          [126.964020704265494, 37.908296072698171],
          [126.964009682131689, 37.90832187955867],
          [126.963995891859966, 37.908367147753296],
          [126.963986132212625, 37.908415658774054],
          [126.963980324548814, 37.908467794597932],
          [126.963978380953279, 37.908524302981483],
          [126.963979966830223, 37.908581115161695],
          [126.963984849275519, 37.908644824171503],
          [126.964016398494635, 37.908780719520827],
          [126.964036680053681, 37.908918935850323],
          [126.964049876530339, 37.908993459615935],
          [126.964066072206691, 37.909069159125025],
          [126.964085253477478, 37.909145972207085],
          [126.964107409006886, 37.909223846602416],
          [126.964132511560507, 37.909302686801006],
          [126.964160531626973, 37.909382402697659],
          [126.964191434017096, 37.909462887968161],
          [126.964229369520197, 37.90954835848482],
          [126.964293908482176, 37.909725499035183],
          [126.964436358787836, 37.909959763095621],
          [126.964475515955556, 37.910029023222677],
          [126.964508294576902, 37.910091966701366],
          [126.964550892510303, 37.910183335184755],
          [126.964593855587282, 37.910286538551425],
          [126.964628014142647, 37.910374860177676],
          [126.964720673228271, 37.910627982752928],
          [126.964769284745898, 37.910750890466758],
          [126.964821765406711, 37.910868232386782],
          [126.964874562277586, 37.910973797246974],
          [126.964941046424613, 37.911095558809969],
          [126.964968748544152, 37.9111440044624],
          [126.965001784778863, 37.911193176953425],
          [126.965040187767272, 37.91124381776428],
          [126.965080502319097, 37.911282555869441],
          [126.965141942916034, 37.911304878729844],
          [126.965187617675497, 37.911310824057495],
          [126.965225526924343, 37.911311578542168],
          [126.965324949056352, 37.91130922578153],
          [126.96539108154991, 37.9113148455085],
          [126.965441975818706, 37.911328289019423],
          [126.965478237971311, 37.911342271486149],
          [126.965515094440249, 37.911359620039143],
          [126.965552670292055, 37.911380392374717],
          [126.96559082344119, 37.91140447222898],
          [126.965630181439792, 37.911432221963722],
          [126.965671183103112, 37.911463938115851],
          [126.965715547221166, 37.911500942867853],
          [126.96576416797312, 37.911547385318514],
          [126.965811909182435, 37.911602438706701],
          [126.96585985529029, 37.911667038526772],
          [126.965917851501132, 37.911754440501078],
          [126.965964664577925, 37.911830216146576],
          [126.966001433833569, 37.911897003767272],
          [126.966030571420632, 37.911959206977258],
          [126.966052556690599, 37.912017938585365],
          [126.966067921413341, 37.912076561969002],
          [126.966078476839201, 37.912143061809132],
          [126.966084457500017, 37.912211867644316],
          [126.966091663088946, 37.912352138425732],
          [126.966093528862487, 37.912422248538668],
          [126.966090807499242, 37.912590915976423],
          [126.966092427805407, 37.912635903223908],
          [126.96609606870436, 37.912676338588746],
          [126.966108601652749, 37.912755565707862],
          [126.966127919387191, 37.912841568966591],
          [126.966154289408237, 37.912936323304947],
          [126.966193275962226, 37.913059837553121],
          [126.966219915348759, 37.913130401636593],
          [126.966278313035929, 37.913261006436159],
          [126.966295515488241, 37.913303087193128],
          [126.966312901416075, 37.913351843084726],
          [126.966325082093263, 37.913396336024903],
          [126.966337437680693, 37.913471286284057],
          [126.966353787800998, 37.913644635944657],
          [126.966364608898843, 37.913713141315917],
          [126.966396039206842, 37.91388481321227],
          [126.96640809342199, 37.913977635371445],
          [126.966420512065469, 37.914111903696671],
          [126.966424258682878, 37.914190514713788],
          [126.966421814780134, 37.914263164228331],
          [126.966412400038976, 37.914327735703203],
          [126.966396871618784, 37.914384849230238],
          [126.966373164150923, 37.914447399408523],
          [126.966342731812631, 37.914513529806172],
          [126.966285405536155, 37.914626837559553],
          [126.966250947570316, 37.914689895464988],
          [126.966169014687225, 37.914826356629455],
          [126.966138310859051, 37.914883638735311],
          [126.966104620104915, 37.914954492671434],
          [126.966075364009924, 37.915021341384097],
          [126.966050065593009, 37.915085277582385],
          [126.966028515370454, 37.915146840872957],
          [126.966002623709784, 37.915239406137466],
          [126.965966319971855, 37.915402641013181],
          [126.965899426144944, 37.915720242595121],
          [126.965845129569033, 37.915942943411132],
          [126.965827748920233, 37.916034538076381],
          [126.965778437206993, 37.916341444167074],
          [126.965768129649362, 37.916394588656644],
          [126.965739887251189, 37.916515049936471],
          [126.965730813578531, 37.916560781827414],
          [126.965722849473195, 37.916614667567863],
          [126.965719743904756, 37.91666314456436],
          [126.965712432999851, 37.916760180221232],
          [126.965709585642983, 37.916806058073114],
          [126.965703066468549, 37.916853607904329],
          [126.965692830960293, 37.916903165752693],
          [126.965678757144858, 37.916955332510064],
          [126.965627121577057, 37.917033259752664],
          [126.965588493681011, 37.917084574240469],
          [126.965591469428503, 37.917166082448809],
          [126.965581505288199, 37.917238286446512],
          [126.965544048665194, 37.917294392470822],
          [126.965546072589788, 37.917334236329154],
          [126.965523440202986, 37.917436266804692],
          [126.96555719653945, 37.917591784704513],
          [126.965578654460174, 37.917750182909899],
          [126.96560473106274, 37.918120709261736],
          [126.965586202590785, 37.918174630631185],
          [126.965558271688309, 37.918193247635017],
          [126.965529007881258, 37.918207014470852],
          [126.965492792283214, 37.918217602539805],
          [126.965452841115038, 37.918224966831481],
          [126.965372273027199, 37.918235749953205],
          [126.965240073007067, 37.918248651212252],
          [126.965161094032524, 37.918258577862858],
          [126.965094573760979, 37.918268653207811],
          [126.965031295185256, 37.918280088098932],
          [126.964888322673303, 37.918310001853023],
          [126.964821973532182, 37.918321156423431],
          [126.964737758871763, 37.918330153254423],
          [126.964518474087342, 37.918345859238869],
          [126.964383851731952, 37.918360291307842],
          [126.964272366350798, 37.918373959042476],
          [126.964171377564398, 37.918388419092594],
          [126.964023785711532, 37.918411985055045],
          [126.963886653075264, 37.91842662841001],
          [126.963823294866927, 37.91843745359003],
          [126.963790299367403, 37.918446335740292],
          [126.963751258709735, 37.918463278549176],
          [126.96371454339814, 37.91849252892937],
          [126.963689273183761, 37.918531845450403],
          [126.963674605773519, 37.918568812879357],
          [126.963667249530971, 37.918597265959292],
          [126.963661942745205, 37.918627844092541],
          [126.963658810852493, 37.918659868908811],
          [126.96365876867992, 37.91870397450846],
          [126.963663785298436, 37.918740777733476],
          [126.963680325615073, 37.918794470869358],
          [126.963707492173455, 37.918853846817584],
          [126.963729283812938, 37.918895056311904],
          [126.963750984622976, 37.91893136915472],
          [126.963780159983301, 37.918973989085224],
          [126.963856552806988, 37.919065883416998],
          [126.963887088635971, 37.919108167686574],
          [126.963904670490862, 37.919137200526386],
          [126.963928481641091, 37.919181761204044],
          [126.96395580771528, 37.919236570265724],
          [126.963984991932023, 37.919301165919563],
          [126.964037070875605, 37.919433596870299],
          [126.964051518002336, 37.919463651297626],
          [126.964066995264545, 37.919489565308979],
          [126.964093863116176, 37.919525888671835],
          [126.964126775078697, 37.919563472486523],
          [126.964166267645027, 37.919602974598838],
          [126.964214998522991, 37.919647063498864],
          [126.964262245561969, 37.919685895833425],
          [126.964313648822923, 37.919723682514764],
          [126.964368837684219, 37.91976015043992],
          [126.96442730166649, 37.919794961596111],
          [126.964463354940065, 37.919814021099874],
          [126.964505066036395, 37.919833568807611],
          [126.964689003199894, 37.919911458299687],
          [126.964774911618107, 37.91994849473113],
          [126.96482300059985, 37.919970914634931],
          [126.964859463705992, 37.919989516460923],
          [126.964890405378426, 37.920007856256348],
          [126.964925303130983, 37.920032232631307],
          [126.964961349690583, 37.920061164499309],
          [126.964999279556139, 37.920095081826773],
          [126.965049008061484, 37.920142853724386],
          [126.96511364358048, 37.920211529165236],
          [126.965220433621809, 37.920303641519055],
          [126.965296683985628, 37.920412587877841],
          [126.96535204575386, 37.920477775607388],
          [126.965374009982654, 37.920512859334451],
          [126.96539154220072, 37.920550269787284],
          [126.965404461887772, 37.920594187283889],
          [126.965412435582707, 37.920637807816441],
          [126.965487779426638, 37.92079208735948],
          [126.965505068902473, 37.920825953418131],
          [126.965517856758424, 37.920986832000942],
          [126.965525171582229, 37.921014418272506],
          [126.965527471967633, 37.921056691125401],
          [126.965523651141723, 37.921096937769207],
          [126.96551343458016, 37.921175030192728],
          [126.965480220708642, 37.921305838069323],
          [126.965480689533933, 37.921448860872815],
          [126.965470920654056, 37.9215081949161],
          [126.965477120608284, 37.921570547292774],
          [126.965491279983596, 37.921653881326144],
          [126.965487152990903, 37.921692071025497],
          [126.965479268983529, 37.921736049072337],
          [126.965467616213317, 37.921774437472607],
          [126.965456128822623, 37.921799643344549],
          [126.965414563424503, 37.921925070116508],
          [126.965397148770791, 37.921951580605096],
          [126.965378427328773, 37.921987766817551],
          [126.965355415951592, 37.922055290110663],
          [126.965345050660773, 37.922100655766037],
          [126.96534106228215, 37.922141352818095],
          [126.96534634679179, 37.922188814165764],
          [126.965353664679654, 37.922299682564812],
          [126.965334576535795, 37.922382694187441],
          [126.965330208705041, 37.922427302111842],
          [126.965331949118692, 37.922477556232906],
          [126.96533676495396, 37.922527675217239],
          [126.965344609814593, 37.922577172542496],
          [126.96535541226342, 37.922625602221053],
          [126.965375752648825, 37.922688147049804],
          [126.965555933194707, 37.923136786701427],
          [126.965705416714798, 37.923389088498958],
          [126.965756867601584, 37.923566778096614],
          [126.96584450164795, 37.923716868831235],
          [126.965887982168297, 37.92400361136896],
          [126.965936492576631, 37.924376362771667],
          [126.965992054326179, 37.924484221485976],
          [126.965977363304674, 37.924671107548015],
          [126.966033418474566, 37.924789899299221],
          [126.966082235979627, 37.924932597206571],
          [126.966131109394482, 37.925139789865788],
          [126.96614120370532, 37.925194143835114],
          [126.966189492493555, 37.925292808048319],
          [126.966273205327965, 37.92541090758462],
          [126.966313942117125, 37.925532235449595],
          [126.966229140479058, 37.925700409600047],
          [126.966185115060199, 37.925813643422174],
          [126.966187313152119, 37.925933905241017],
          [126.966225920050704, 37.926081942705949],
          [126.966292128109856, 37.926227716791878],
          [126.966430731660139, 37.926418435119515],
          [126.9665302663022, 37.92665177018327],
          [126.966577201338183, 37.926819558503489],
          [126.966619333273798, 37.926922054267131]
        ]
      }
    },
    {
      "type": "Feature",
      "properties": {
        "PMNTN_SN": 1114,
        "MNTN_CODE": "414800101",
        "MNTN_NM": "감악산",
        "PMNTN_NM": "신산리구간",
        "PMNTN_MAIN": null,
        "PMNTN_LT": 5.14,
        "PMNTN_DFFL": "쉬움",
        "PMNTN_UPPL": 91,
        "PMNTN_GODN": 63,
        "PMNTN_MTRQ": null,
        "PMNTN_CNRL": null,
        "PMNTN_CLS_": null,
        "PMNTN_RISK": null,
        "PMNTN_RECO": null,
        "DATA_STDR_": "2016-12-31",
        "MNTN_ID": "416300101"
      },
      "geometry": {
        "type": "LineString",
        "coordinates": [
          [126.970427963250799, 37.938716308067526],
          [126.970399978101568, 37.938683651907013],
          [126.970348790816544, 37.938645317584104],
          [126.970303214984881, 37.938616208467351],
          [126.970197566686991, 37.938562109206245],
          [126.970164070370188, 37.938542884591953],
          [126.970135166142782, 37.938521706997101],
          [126.970106272061216, 37.938489564070174],
          [126.97008572093668, 37.938457639482607],
          [126.970062149809706, 37.93840545110556],
          [126.970048827950933, 37.93836815875413],
          [126.970041061456968, 37.938337914058891],
          [126.970033526632321, 37.93826103141653],
          [126.970021792949126, 37.938229151405864],
          [126.969994561236859, 37.938202100079501],
          [126.969944757561578, 37.938172705947856],
          [126.969852847953348, 37.938131491507036],
          [126.969794029894004, 37.938100144468592],
          [126.969695062477783, 37.938051755716835],
          [126.969658085939571, 37.938031571461458],
          [126.969619955761829, 37.938006247039645],
          [126.969569215868034, 37.937963728528125],
          [126.96954447683089, 37.9379394616425],
          [126.969516986274655, 37.93790080964672],
          [126.96950690975514, 37.937859269243084],
          [126.969508742875959, 37.937797497735595],
          [126.969499821535763, 37.93776018843959],
          [126.969479212473175, 37.937726449235939],
          [126.969455847061866, 37.937698296936958],
          [126.969416109227467, 37.937657738953135],
          [126.969377132354381, 37.937620201101304],
          [126.969335346388206, 37.937583813904403],
          [126.969313924970564, 37.937553427754267],
          [126.969329824053332, 37.937514035636255],
          [126.969370038750071, 37.937479747360889],
          [126.969405839171216, 37.937454859223202],
          [126.9694388425863, 37.937434762443054],
          [126.969477069916238, 37.937416850885036],
          [126.969516382193575, 37.937402349650071],
          [126.969562078111949, 37.937388713152941],
          [126.969604980226549, 37.937377665215408],
          [126.969750680601976, 37.937344424773329],
          [126.969828719999612, 37.937321597894403],
          [126.969867677083329, 37.937307473944202],
          [126.969939622341599, 37.937279401064366],
          [126.970029746372674, 37.937241501724372],
          [126.970106245164203, 37.937207815249472],
          [126.970173913669228, 37.937175279688837],
          [126.97022523314314, 37.937148250097017],
          [126.970273423440887, 37.937120498940949],
          [126.970324939422298, 37.937088347516102],
          [126.970377327933022, 37.937053197061772],
          [126.970433242527236, 37.937013114828147],
          [126.97049118465722, 37.936969017590414],
          [126.970542739379923, 37.936927651273393],
          [126.970593304005632, 37.936884344964064],
          [126.970654307076245, 37.936828869548158],
          [126.970761643917058, 37.936727194649478],
          [126.970812866770174, 37.936675638507651],
          [126.970836406843105, 37.936648021548436],
          [126.970853230331045, 37.936624438227568],
          [126.970868051658584, 37.936598117355196],
          [126.970880436101965, 37.936569513798858],
          [126.970892295221972, 37.9365316601682],
          [126.970901216858095, 37.93648883532807],
          [126.970907873741126, 37.936437048284503],
          [126.970917036686885, 37.936318729298328],
          [126.970922434723377, 37.936274475595361],
          [126.970931859995858, 37.93622361539817],
          [126.970944960286261, 37.936179500538678],
          [126.970961930596332, 37.936140899479817],
          [126.970982361332574, 37.936108003118264],
          [126.97100697876148, 37.936076609650399],
          [126.971068117600382, 37.936006006373937],
          [126.97109314649947, 37.93597234622537],
          [126.971110098681805, 37.935941958102063],
          [126.971119871213816, 37.935913126839296],
          [126.971123962368935, 37.935879724617322],
          [126.971122184830321, 37.935840804503471],
          [126.971118342495245, 37.935811022110215],
          [126.971104200783557, 37.935734984764402],
          [126.971096978236787, 37.93567477051149],
          [126.971083589158155, 37.935599918982518],
          [126.971080386573689, 37.935554529771352],
          [126.97108402188509, 37.935526142966197],
          [126.971093383485524, 37.935500819860508],
          [126.971110514461927, 37.935472547184268],
          [126.971134418455449, 37.935443895069668],
          [126.971155875946536, 37.935423074216494],
          [126.971180336336559, 37.935402711772035],
          [126.971207359253853, 37.935383177011808],
          [126.971236310912843, 37.935364927456384],
          [126.971267516674729, 37.935347894712329],
          [126.97131160475017, 37.935328535272092],
          [126.97135173832018, 37.935316116590641],
          [126.971392849447199, 37.935308458696966],
          [126.97144106803951, 37.935303299918125],
          [126.971523996295758, 37.935297773832403],
          [126.971594128287933, 37.935295592490725],
          [126.971659662577125, 37.935295834428025],
          [126.971757579508377, 37.935300702320703],
          [126.971804554484294, 37.935299209917822],
          [126.971844134475745, 37.935291448792469],
          [126.971893613014842, 37.935269406525073],
          [126.971939975381588, 37.935236561230191],
          [126.972027324913086, 37.935162515797025],
          [126.972103697597277, 37.935105245891492],
          [126.972260673370187, 37.934999003678705],
          [126.97232434197511, 37.934953409511103],
          [126.972401050335165, 37.934894661948704],
          [126.972466014463151, 37.934839763104513],
          [126.972530534153009, 37.934777593538549],
          [126.972554359038142, 37.934751578163436],
          [126.9725762049613, 37.934724631651697],
          [126.972616489151505, 37.934666566472806],
          [126.972686791081529, 37.934550796768029],
          [126.972717145986024, 37.934504206316511],
          [126.972752115708687, 37.9344577790946],
          [126.972787897144926, 37.934418692004066],
          [126.97282920493096, 37.934381816183297],
          [126.972916640625513, 37.934312668507211],
          [126.972951886147243, 37.934282858217188],
          [126.972987709877458, 37.934248904628127],
          [126.973073378218771, 37.93416237910558],
          [126.973133825370411, 37.934110332127752],
          [126.973172692449765, 37.934083931752738],
          [126.973276066989143, 37.934025442851279],
          [126.973315283651942, 37.934000909255083],
          [126.973350795368262, 37.933973344946757],
          [126.973380025686993, 37.933942714210261],
          [126.973406131055498, 37.933906276204269],
          [126.973429935489534, 37.933862753584414],
          [126.973449597473376, 37.933818151600136],
          [126.973495558245531, 37.933701785785168],
          [126.973525936767203, 37.933640864777196],
          [126.973578935687371, 37.933557685721468],
          [126.973708383375964, 37.933373730216523],
          [126.973760233558892, 37.933289040843718],
          [126.973800735496454, 37.933205546269626],
          [126.97383964611943, 37.933105612780089],
          [126.973862421441737, 37.933040447463171],
          [126.973919467613513, 37.932864711997311],
          [126.974015264905589, 37.93260369939582],
          [126.974034779294286, 37.932543409206183],
          [126.974050339053775, 37.932488303950457],
          [126.974064685499485, 37.932425557553856],
          [126.974076856275772, 37.932355284223952],
          [126.974092900595522, 37.932244900099619],
          [126.974131736771213, 37.931926356113891],
          [126.974149039658627, 37.931813996489197],
          [126.974166851076021, 37.931714266347804],
          [126.974184823602954, 37.931641599573226],
          [126.974206660224382, 37.931575079854596],
          [126.974246624036979, 37.9314714219474],
          [126.974283889395807, 37.931391362657827],
          [126.974311709755824, 37.931342148579269],
          [126.974341268577717, 37.931298203570059],
          [126.974367180676197, 37.931267243908451],
          [126.974398913142309, 37.931236411638906],
          [126.974432755748097, 37.931208400662427],
          [126.974473309986337, 37.931178681147927],
          [126.974616586060961, 37.93108466390931],
          [126.974667919769416, 37.931048791429284],
          [126.974714610795331, 37.931011443090227],
          [126.974751990101325, 37.930975197287474],
          [126.974780811917384, 37.930939834362157],
          [126.974807802319461, 37.930898004089556],
          [126.974832369100611, 37.930851823553404],
          [126.974896722251842, 37.930718049495297],
          [126.974920012824356, 37.9306781581301],
          [126.9749440976329, 37.930644045559134],
          [126.974971207914209, 37.930613728386398],
          [126.975006416363627, 37.930581598434102],
          [126.975045335949545, 37.930550541376853],
          [126.975149344218579, 37.930472450975053],
          [126.975200121598064, 37.930428102096528],
          [126.975222753972957, 37.930403233707985],
          [126.975245595860855, 37.930367483803693],
          [126.975258568224149, 37.930331128190225],
          [126.975261549799356, 37.930303067233325],
          [126.975259716023317, 37.93027310878491],
          [126.975253056756927, 37.93024097805575],
          [126.975241465259941, 37.930206157882935],
          [126.975227008062859, 37.930172725454376],
          [126.975208009206966, 37.930135375680031],
          [126.97511598657988, 37.929977977317222],
          [126.975080951348076, 37.929909039867177],
          [126.975064042126135, 37.929868326399536],
          [126.975041041665875, 37.929804716943678],
          [126.975012075945699, 37.929719143094374],
          [126.974979655023333, 37.929612577494396],
          [126.974968496406618, 37.929563087372273],
          [126.974942211331509, 37.929418622307139],
          [126.974930374402803, 37.929340313657164],
          [126.974922608771152, 37.929270944101731],
          [126.974918536953552, 37.929206691772521],
          [126.974918210199746, 37.929147334148745],
          [126.974921628736993, 37.929092175704682],
          [126.974928813141389, 37.929040892105945],
          [126.974936205553973, 37.929006751644181],
          [126.974945519624015, 37.928974381938758],
          [126.974956767876094, 37.928943739746792],
          [126.974969961693958, 37.928914792636256],
          [126.974985118149007, 37.928887507275398],
          [126.975002245206085, 37.928861871952947],
          [126.97502135310701, 37.92883786955241],
          [126.975042452091913, 37.928815488362702],
          [126.975068377286732, 37.928792818088922],
          [126.975100918119836, 37.928769109524019],
          [126.975213700964829, 37.928699008635327],
          [126.975250171719125, 37.928674742273422],
          [126.975321902718903, 37.92862343977054],
          [126.975401970597915, 37.928563019647257],
          [126.975468421123637, 37.928509255481799],
          [126.975511224576934, 37.928472236644957],
          [126.975547574715279, 37.92843718050176],
          [126.975578099618929, 37.928403455629315],
          [126.975599600444497, 37.928375749863228],
          [126.975617416989834, 37.928348477583079],
          [126.975631643715602, 37.928321487452152],
          [126.975642287453681, 37.928294769562712],
          [126.975649747843931, 37.928267111332666],
          [126.975654349364859, 37.928237574049668],
          [126.975656123930435, 37.928205966721229],
          [126.975655089852765, 37.928171956003304],
          [126.975650473349788, 37.928129672108092],
          [126.975642018667443, 37.928082083581273],
          [126.975630617275755, 37.928030029381951],
          [126.97559560804919, 37.927890636715198],
          [126.975556156839232, 37.927690927843415],
          [126.975535867094138, 37.927610143492345],
          [126.975513327617094, 37.927539569028426],
          [126.975485610553193, 37.927472815270946],
          [126.975447673627926, 37.927403466467368],
          [126.97540579870136, 37.927338612521538],
          [126.975301637200957, 37.927188342637059],
          [126.975255540386527, 37.927113560284091],
          [126.975227983418165, 37.927062368443167],
          [126.975190797611134, 37.926986313107598],
          [126.975136503644691, 37.926867991017588],
          [126.975108253348722, 37.926799000015244],
          [126.9750841592341, 37.92673318029577],
          [126.975034283440593, 37.926587474994896],
          [126.975001618044544, 37.926474593697684],
          [126.974989444440808, 37.926424368167837],
          [126.97498198588795, 37.9263792862088],
          [126.974978977917573, 37.926337710755831],
          [126.97498038888358, 37.926299025559238],
          [126.974988286117551, 37.926254464003286],
          [126.975002492893154, 37.926215336459968],
          [126.975026814926395, 37.92617152707038],
          [126.975094397846789, 37.926073048740179],
          [126.975120899446651, 37.926027964960028],
          [126.975145979893512, 37.925974294006245],
          [126.975168948548998, 37.925919509038145],
          [126.975189865848407, 37.92586316320304],
          [126.975205611348699, 37.925813805773394],
          [126.975217603427183, 37.925764532239299],
          [126.975227345265665, 37.925709899433556],
          [126.97523532099504, 37.92564770105416],
          [126.975255144862714, 37.925456426459817],
          [126.975263156549616, 37.92540557092974],
          [126.975281092963314, 37.925314045405827],
          [126.975306180411522, 37.925197551799805],
          [126.975334569824327, 37.925076922658121],
          [126.975394010352062, 37.924847721296032],
          [126.975425527301653, 37.92470644050767],
          [126.975445851095998, 37.924641024717864],
          [126.975458811248046, 37.924610705349203],
          [126.975481070994135, 37.924572062320536],
          [126.97550774784024, 37.924538080774916],
          [126.975551269523308, 37.924495814966782],
          [126.975662673899393, 37.92440110230185],
          [126.975688228515821, 37.924375983940635],
          [126.975708837379457, 37.924352316870078],
          [126.975725564370322, 37.924328765216586],
          [126.975741622012578, 37.924300019497132],
          [126.97575638988674, 37.924267767947889],
          [126.975769481098695, 37.924232591596493],
          [126.975781750768206, 37.924191561659988],
          [126.975792945231916, 37.924144770883139],
          [126.975812424914395, 37.92405416543685],
          [126.975821732463885, 37.923989994212661],
          [126.975825057073095, 37.923941017031744],
          [126.975822654289701, 37.923842366183443],
          [126.975823705769528, 37.923802433082805],
          [126.975829482991543, 37.923762395542461],
          [126.975847305284759, 37.923717361151553],
          [126.975872340370501, 37.923683629642937],
          [126.975896433235377, 37.923661790359667],
          [126.975926864636705, 37.923639696500864],
          [126.975973109413033, 37.923611707401555],
          [126.976082195112923, 37.923552162092079],
          [126.976144326076991, 37.923514288322707],
          [126.976238629693185, 37.923464300658161],
          [126.976281328238983, 37.92343552059539],
          [126.976307750378567, 37.923406014686442],
          [126.976318423195025, 37.923370764805675],
          [126.976316878540345, 37.923335722384998],
          [126.976309878823344, 37.923308844096681],
          [126.97629830681268, 37.923278927814124],
          [126.976282801373216, 37.923247004341434],
          [126.97626201236686, 37.923209891280131],
          [126.976213230189956, 37.923129481430863],
          [126.976194713685558, 37.923102891810508],
          [126.976167381273925, 37.923070386623429],
          [126.976133285774893, 37.923035805190693],
          [126.976101579303503, 37.923006474918971],
          [126.976000157990796, 37.922918603492768],
          [126.97595030816197, 37.922870136187484],
          [126.97587449317389, 37.922789558496362],
          [126.975789950758667, 37.922690587143634],
          [126.975748218344535, 37.922638823975184],
          [126.975714766523893, 37.922591776225694],
          [126.975680039505349, 37.922531785279084],
          [126.97566701399748, 37.92250295967014],
          [126.975656773649021, 37.922474692318524],
          [126.975648821985914, 37.922445331696593],
          [126.975642938559147, 37.922414283137854],
          [126.975637365068096, 37.922347013194845],
          [126.975638958565384, 37.922284669280401],
          [126.97564629357332, 37.922214620801491],
          [126.975662113184427, 37.922120000898659],
          [126.975679929516573, 37.922036915257237],
          [126.975693556088444, 37.921994711668191],
          [126.975712026822393, 37.921948130501583],
          [126.975783239474879, 37.921795310365994],
          [126.975807429620644, 37.92173856683857],
          [126.975826798508791, 37.921682157465675],
          [126.975838736783146, 37.921630631468645],
          [126.975844237786504, 37.921579156403446],
          [126.975844420598534, 37.921520952014738],
          [126.975840658489375, 37.921464879344335],
          [126.975827434155406, 37.921331569713779],
          [126.975824574919542, 37.921265619303142],
          [126.975827975111102, 37.921204246960727],
          [126.975838453948327, 37.92114980791559],
          [126.975848191445081, 37.921119090509031],
          [126.975860910087761, 37.921087592596614],
          [126.975876723697368, 37.921055026800374],
          [126.975895882646938, 37.921020875128875],
          [126.975940840313612, 37.920951969502575],
          [126.976040169516594, 37.920815778204101],
          [126.976079911118219, 37.920757744924927],
          [126.976116520627869, 37.920695836947068],
          [126.976142851774327, 37.920638880251275],
          [126.976173653136854, 37.920555247571158],
          [126.976198630179553, 37.920479032057862],
          [126.976218602598138, 37.920407712145241],
          [126.976233826607384, 37.920340345502709],
          [126.976244534649098, 37.920275635724032],
          [126.976250610627133, 37.920213908027122],
          [126.976252070781641, 37.920154211922473],
          [126.976248862897876, 37.92009980520514],
          [126.976236628128063, 37.920024688518602],
          [126.976214556529186, 37.91994015860444],
          [126.976188628261056, 37.919856105403824],
          [126.97614313913904, 37.919724633467624],
          [126.976097786363781, 37.919597571648879],
          [126.97603333006262, 37.919430437433462],
          [126.975881500212154, 37.919067074576184],
          [126.975829404279807, 37.918929394558148],
          [126.975795215424114, 37.918818143726234],
          [126.975725703815229, 37.918562081703804],
          [126.975688250504518, 37.918446374101435],
          [126.975659690044168, 37.91837428472919],
          [126.975628720940605, 37.918308966330642],
          [126.975594839761541, 37.91824926739578],
          [126.975556749623095, 37.918192949712889],
          [126.975501567319597, 37.91812358101771],
          [126.975433769898345, 37.918049349981892],
          [126.975363703453937, 37.917979470882223],
          [126.975205247427169, 37.917829385702042],
          [126.975137318387084, 37.917762696250414],
          [126.97506674805733, 37.91768794817304],
          [126.97492658098264, 37.9175293949246],
          [126.974864899512298, 37.917462454379383],
          [126.97479664168138, 37.917394683526219],
          [126.974731286005806, 37.917337605637535],
          [126.974691830218546, 37.917307247120696],
          [126.974654367133638, 37.917282936143593],
          [126.974609975867025, 37.917258774117343],
          [126.974559506839398, 37.917235492783078],
          [126.974509713369514, 37.91721551532833],
          [126.974452398324686, 37.917194977635845],
          [126.974240362852171, 37.917127122003492],
          [126.974157505903804, 37.917098256570753],
          [126.974076754590698, 37.917064676011812],
          [126.974042209775845, 37.917047526170329],
          [126.974010944995996, 37.917029845487107],
          [126.973978165645775, 37.917008275994064],
          [126.973949253356068, 37.916985600990749],
          [126.973924022804709, 37.916961673585455],
          [126.973902620381082, 37.916937381241006],
          [126.973876680462396, 37.916903115355908],
          [126.973850386668659, 37.916866243861357],
          [126.973835616150382, 37.916840372724991],
          [126.973827048333504, 37.916807682833372],
          [126.973840736887894, 37.916767338078913],
          [126.973873993713326, 37.916734309715473],
          [126.97391444428186, 37.916705763322987],
          [126.973971081911714, 37.916678528665706],
          [126.974021398915156, 37.916670056510732],
          [126.97406464896865, 37.916671572424981],
          [126.974108344624597, 37.916676902109998],
          [126.974215560451199, 37.916694001206871],
          [126.9742799269915, 37.916698536219215],
          [126.97432233749042, 37.9166943407823],
          [126.974366077619706, 37.916679753250619],
          [126.974413645225937, 37.916653402030605],
          [126.974447919540211, 37.916627057816271],
          [126.974470161124131, 37.916605911221147],
          [126.97449226497416, 37.916581803194596],
          [126.974537302955838, 37.916523292240797],
          [126.974570725709185, 37.916472841292759],
          [126.974663092144183, 37.916324821976737],
          [126.974742503102746, 37.916215809707317],
          [126.974790626781243, 37.91614497982934],
          [126.974834452438074, 37.916075068874051],
          [126.974877820130672, 37.916000565700529],
          [126.974932991490419, 37.915898069140951],
          [126.97499079086036, 37.915782077895891],
          [126.975160922670582, 37.91541450418471],
          [126.975218588677379, 37.915293845006957],
          [126.975268814346094, 37.915194879831546],
          [126.975327607534879, 37.915086211476563],
          [126.975448710495868, 37.914866392408435],
          [126.975791800702751, 37.914253523399246],
          [126.976068836613138, 37.913746235806407],
          [126.976211467634457, 37.913492231302143],
          [126.976263756788398, 37.913394019276687],
          [126.976384584924403, 37.913159183112136],
          [126.976447679080849, 37.913043484064623],
          [126.976503814572098, 37.912949282791089],
          [126.976559242711986, 37.912865448497868],
          [126.976615769101926, 37.91278925889582],
          [126.976674232209973, 37.912719609593829],
          [126.97673920382968, 37.912651921099204],
          [126.976816850271035, 37.912580918694424],
          [126.976895827797136, 37.912514849161255],
          [126.977087289303, 37.912361092029052],
          [126.977172036327971, 37.912287877151641],
          [126.977255190887632, 37.912204392055713],
          [126.977411160964238, 37.912031382481146],
          [126.977477664860842, 37.911961567639374],
          [126.977550901319759, 37.911893422590005],
          [126.977586248841718, 37.911864536084401],
          [126.977621355500006, 37.911838597407758],
          [126.977669017968154, 37.911807798713966],
          [126.977717280547893, 37.91178168051335],
          [126.977768531601185, 37.911759257624738],
          [126.977813282509075, 37.911744583400512],
          [126.977859822163694, 37.911733714178183],
          [126.977913694822533, 37.911724810369506],
          [126.97796299183193, 37.91171860310299],
          [126.978074453300835, 37.911708652282144],
          [126.978123766064428, 37.911702924252936],
          [126.978208618658371, 37.911689842083824],
          [126.978250278295974, 37.911680105189717],
          [126.978287493282366, 37.911668490796615],
          [126.978323784680015, 37.911653669765343],
          [126.978365306268046, 37.911633706200455],
          [126.978424849087688, 37.911600153397863],
          [126.978483939746482, 37.911561028149457],
          [126.978542305260149, 37.911516508792786],
          [126.978599566857866, 37.911466882660768],
          [126.978656298990941, 37.911411482260178],
          [126.978710778410019, 37.911351814557769],
          [126.978764594369352, 37.911285646405389],
          [126.978804048293256, 37.911229930185961],
          [126.978830177539578, 37.911187875260218],
          [126.978854920077865, 37.911143522674251],
          [126.978878249740092, 37.911096920174245],
          [126.978900134668493, 37.91104812992026],
          [126.9789219017986, 37.910993618651723],
          [126.978941928562335, 37.910936814166988],
          [126.978956328015855, 37.91089020374509],
          [126.978967052704945, 37.910845685555479],
          [126.978981978883766, 37.910750208966597],
          [126.978999072058272, 37.910556055154181],
          [126.979009247103875, 37.910476660446875],
          [126.97902580923639, 37.910398171422969],
          [126.979073743813515, 37.910212311758094],
          [126.979083572137867, 37.910164217549415],
          [126.979090037675306, 37.910120979727445],
          [126.979093788746766, 37.910070041961269],
          [126.97909252280725, 37.910022875553054],
          [126.979086438807656, 37.909979686854108],
          [126.979074579914723, 37.909934226750771],
          [126.97906129999123, 37.909895445986848],
          [126.979044908108008, 37.90985532406355],
          [126.979025437225047, 37.90981394207023],
          [126.97900293848781, 37.909771412632395],
          [126.978975917483297, 37.909724509203308],
          [126.978953097034704, 37.909689812499359],
          [126.978931574587108, 37.909661318117152],
          [126.978906873749679, 37.909633201557568],
          [126.97888065771788, 37.909606998324456],
          [126.97885131571914, 37.909580786415248],
          [126.978781953274023, 37.909527211046345],
          [126.978701933672255, 37.909473740019365],
          [126.978533424486159, 37.909370109926186],
          [126.978463788178132, 37.909325168058558],
          [126.978394801432202, 37.909275738669493],
          [126.978338132700259, 37.909228417913027],
          [126.978310405936284, 37.909201638570224],
          [126.978260182348507, 37.909147332146865],
          [126.978167287249676, 37.909053477188159],
          [126.978139274175732, 37.909022453406585],
          [126.978117358493876, 37.908994959747474],
          [126.978096132405469, 37.908962017306443],
          [126.978083098473675, 37.908931967514746],
          [126.978078002127916, 37.908904280572933],
          [126.978080746897163, 37.908878302379144],
          [126.978091975367775, 37.90884979771721],
          [126.978111751040132, 37.908819332388973],
          [126.978140108033173, 37.908786847835081],
          [126.978177221510649, 37.908752139567596],
          [126.978235707242391, 37.908705648198378],
          [126.978279726818371, 37.908673312458241],
          [126.978314245193118, 37.908650458282636],
          [126.978349497450736, 37.908629912449101],
          [126.978388909597825, 37.908612164798399],
          [126.978423540799923, 37.908599914716397],
          [126.978461320218713, 37.908589243653374],
          [126.978502624274228, 37.908580041759933],
          [126.978548198967871, 37.908572140691952],
          [126.978639732459044, 37.908561010865775],
          [126.978819549681319, 37.908545942647265],
          [126.978892412812797, 37.908538469796845],
          [126.978965835143271, 37.908527878835685],
          [126.979029372067544, 37.908514692251394],
          [126.979065708139416, 37.908504764916387],
          [126.979099455357513, 37.908493502813116],
          [126.979147078502422, 37.908475360851682],
          [126.979213564756165, 37.908447002801125],
          [126.979298864101409, 37.908408196177199],
          [126.979365748228773, 37.908371690877807],
          [126.979417096624061, 37.908336513518037],
          [126.979461092336237, 37.908297379710575],
          [126.979502514647464, 37.908250266682039],
          [126.979539732534846, 37.908196587731872],
          [126.979572658456675, 37.908136281584561],
          [126.97960044261778, 37.908070700412523],
          [126.979622594617013, 37.908000981125262],
          [126.97963853404147, 37.907928932720033],
          [126.979648044350668, 37.907852264963211],
          [126.979647989673239, 37.907782433713407],
          [126.979638557299268, 37.907704239182777],
          [126.979619612112515, 37.907621200431343],
          [126.979589922357079, 37.9075303125936],
          [126.979570573302226, 37.907481243843669],
          [126.979550993068173, 37.907437631165045],
          [126.979509945592369, 37.907360859118391],
          [126.979459385387869, 37.907283461943692],
          [126.979398795238595, 37.907204962037873],
          [126.979329553905927, 37.907127411076544],
          [126.979252577625303, 37.907051840786515],
          [126.979169224867775, 37.906979587492742],
          [126.979078272369634, 37.906909791464052],
          [126.978983547888845, 37.90684544449973],
          [126.978887219433119, 37.906788011013532],
          [126.978790738799489, 37.906738351664565],
          [126.978697445177403, 37.906697922081328],
          [126.978647662966679, 37.906679354519362],
          [126.978606031113358, 37.906665886859052],
          [126.978572981896789, 37.90665683717328],
          [126.978538309614763, 37.906649316984911],
          [126.978463455703434, 37.90663873434044],
          [126.978388173664243, 37.906634101402702],
          [126.978302329017026, 37.906633950467516],
          [126.978218025267026, 37.90663718730368],
          [126.978006246443698, 37.906649145790219],
          [126.977894657334588, 37.906651327693524],
          [126.977838261503393, 37.906649698993405],
          [126.977786139519552, 37.906645888987022],
          [126.977737391968049, 37.906639830840092],
          [126.977691546977965, 37.906631464104109],
          [126.977614705841134, 37.906612483746791],
          [126.977530382498671, 37.906586649332468],
          [126.977451406326509, 37.90655912931522],
          [126.977269123032542, 37.906492005471129],
          [126.977180948702582, 37.906462252758331],
          [126.977024695319784, 37.906412260520803],
          [126.976840706873276, 37.906356890293267],
          [126.976745248039819, 37.906329241325729],
          [126.976659292697022, 37.906306285380317],
          [126.976527094517763, 37.906275821603273],
          [126.976456872436827, 37.906262251075908],
          [126.976404556576782, 37.906254188864551],
          [126.976337872112254, 37.906247402181656],
          [126.976185391876641, 37.90623846469822],
          [126.976118507698672, 37.9062305048217],
          [126.976077993657029, 37.906222577297875],
          [126.97602307344269, 37.906209047460187],
          [126.975958769199551, 37.906191075829021],
          [126.975882119365465, 37.906167059903943],
          [126.975824759082826, 37.906142992934804],
          [126.975792790523684, 37.906123977349253],
          [126.975763332919811, 37.906097236678121],
          [126.975748379914933, 37.906060240841668],
          [126.975750373364576, 37.9060216871599],
          [126.975759287165758, 37.905989827114674],
          [126.975775491074586, 37.905950142069393],
          [126.975797467730672, 37.905907566178762],
          [126.975814901411511, 37.905883333469674],
          [126.975837397009656, 37.905860164010029],
          [126.975870594632525, 37.905833962361285],
          [126.97591219516525, 37.905807993064563],
          [126.975965107816307, 37.905780498963573],
          [126.976091981456861, 37.905721927408202],
          [126.976146599598593, 37.905694420057451],
          [126.976177555431221, 37.905676602952433],
          [126.976234216506214, 37.905639505425739],
          [126.976337037107726, 37.90557750425765],
          [126.976376032555208, 37.905550719818741],
          [126.976402644077623, 37.905527570896545],
          [126.976421843164857, 37.905496777775745],
          [126.976417921164995, 37.9054654412571],
          [126.976390932282797, 37.905434826274472],
          [126.976357209919698, 37.905410575102543],
          [126.976326646561034, 37.905392808650291],
          [126.976165503130758, 37.905311303762879],
          [126.976129656628416, 37.905291260404653],
          [126.976101123196003, 37.905273024012338],
          [126.976039892133755, 37.905230434751154],
          [126.975950792267952, 37.905164784609042],
          [126.975874332962306, 37.90510377234753],
          [126.975807300283748, 37.905045564810621],
          [126.975753072449763, 37.904990086130141],
          [126.975703022948153, 37.904929098112852],
          [126.975656716989832, 37.904863910646569],
          [126.975614793307173, 37.904795417604518],
          [126.975577829207253, 37.904724567805197],
          [126.975546181530405, 37.904651923516411],
          [126.975518150762241, 37.904572836418204],
          [126.975496767483122, 37.904496613896761],
          [126.975482230412581, 37.904423986662906],
          [126.975474682293211, 37.904356473740954],
          [126.975473828973975, 37.904292969612619],
          [126.975479061972138, 37.904244180071053],
          [126.97549161493113, 37.9041931171692],
          [126.975508727349691, 37.904145800439331],
          [126.975532246243588, 37.904094004643021],
          [126.975561169475057, 37.904038872866394],
          [126.975649816208204, 37.903880286314646],
          [126.97567427922678, 37.903830248425066],
          [126.975695172945578, 37.903780440434794],
          [126.975722253259036, 37.903706546971726],
          [126.975760786929371, 37.903591183593718],
          [126.975807747105421, 37.903441074313264],
          [126.975843153599229, 37.903304975026728],
          [126.975867627267576, 37.903179556883387],
          [126.97587954058146, 37.903087243161451],
          [126.97588400404004, 37.90301226388236],
          [126.975880464069675, 37.902950717844988],
          [126.975887539251886, 37.902875838203009],
          [126.975870192005274, 37.902797788537903],
          [126.975795899580532, 37.902672466332],
          [126.975805496649869, 37.902604844317409],
          [126.975859953576176, 37.902507210239129],
          [126.975939380340336, 37.902406845072463],
          [126.975993416385293, 37.90228077613439],
          [126.975987767108037, 37.902236950339486],
          [126.975978238406327, 37.902192846261443],
          [126.975910938720332, 37.902127940178097],
          [126.97588238624067, 37.902067452124555],
          [126.975872394690327, 37.901968133556601]
        ]
      }
    },
    {
      "type": "Feature",
      "properties": {
        "PMNTN_SN": 1115,
        "MNTN_CODE": "414800101",
        "MNTN_NM": "감악산",
        "PMNTN_NM": null,
        "PMNTN_MAIN": null,
        "PMNTN_LT": 3.33,
        "PMNTN_DFFL": "쉬움",
        "PMNTN_UPPL": 59,
        "PMNTN_GODN": 41,
        "PMNTN_MTRQ": null,
        "PMNTN_CNRL": null,
        "PMNTN_CLS_": null,
        "PMNTN_RISK": null,
        "PMNTN_RECO": null,
        "DATA_STDR_": "2016-12-31",
        "MNTN_ID": "416300101"
      },
      "geometry": {
        "type": "LineString",
        "coordinates": [
          [126.970427963250799, 37.938716308067526],
          [126.970463064401969, 37.938696852099184],
          [126.970492570983609, 37.938677171284674],
          [126.970516851654963, 37.938657071117795],
          [126.970542819144725, 37.938626084422538],
          [126.970560021658954, 37.938583375214613],
          [126.970556903011939, 37.938541933947626],
          [126.970533198956986, 37.938494118789833],
          [126.970512992135767, 37.93843991053987],
          [126.97049923463571, 37.938387672454517],
          [126.970491927579261, 37.938337405437402],
          [126.970491070953031, 37.938289108588755],
          [126.970496663606667, 37.938242781908528],
          [126.970508707803674, 37.938198425396408],
          [126.97052720012033, 37.938156039950549],
          [126.970547741095686, 37.938122442772922],
          [126.970575015335896, 37.938088910341222],
          [126.970609494024629, 37.938054848148674],
          [126.97065035888879, 37.938021127192876],
          [126.970697793049169, 37.937987798866224],
          [126.970749231621227, 37.937956846390975],
          [126.970804172725579, 37.937928799389489],
          [126.970851629772667, 37.937909204920146],
          [126.970892974530912, 37.937895600164246],
          [126.970937425281889, 37.937883778218293],
          [126.970984875084568, 37.937873766981511],
          [126.971035168080832, 37.937865599746722],
          [126.971088218947799, 37.937859296309917],
          [126.971143660233054, 37.93785490793082],
          [126.971201159759318, 37.937852460652024],
          [126.971260201064268, 37.93785197776873],
          [126.971317796745922, 37.937853827034523],
          [126.971371096105358, 37.937860809678405],
          [126.97142383766527, 37.937871761699903],
          [126.971544780911628, 37.937901300365041],
          [126.97160144611189, 37.937912000091764],
          [126.97165075686182, 37.937916926604345],
          [126.971695108788552, 37.937916310227749],
          [126.971740443554708, 37.937909810938734],
          [126.971790757593539, 37.937897031479281],
          [126.971838323233769, 37.937881287251273],
          [126.971948342954875, 37.937840920830766],
          [126.972001217821671, 37.937824516513018],
          [126.972048590210548, 37.937814179589765],
          [126.972091882133853, 37.937809819410177],
          [126.972128210102184, 37.937810793827161],
          [126.972167847784945, 37.937816425969615],
          [126.97221317829694, 37.937826996588981],
          [126.97230916978458, 37.937854833006661],
          [126.972350888557898, 37.937865380199455],
          [126.972393154557565, 37.937872773318325],
          [126.972438584519224, 37.937876142668578],
          [126.972526161353429, 37.937876951470358],
          [126.972615467382738, 37.937871403583713],
          [126.972703006743018, 37.937859720725697],
          [126.972785984260696, 37.937842279747301],
          [126.972852648576563, 37.937822801528476],
          [126.972913045052437, 37.937799645998012],
          [126.972967042894268, 37.937772732050874],
          [126.973001416956564, 37.937750715587164],
          [126.973036888534097, 37.937719957553405],
          [126.973063136585125, 37.937689431641857],
          [126.973084378577099, 37.937660919079057],
          [126.973141906088671, 37.937574722266646],
          [126.973174753692547, 37.937533097365311],
          [126.973201672477884, 37.937506548319881],
          [126.973233547023113, 37.937481643708402],
          [126.973258723762569, 37.93746559830204],
          [126.973310842077936, 37.937438401774436],
          [126.973373579071449, 37.93741246173412],
          [126.973437645630781, 37.937390247343515],
          [126.973602712544505, 37.937337727306065],
          [126.97368776378066, 37.937305448589186],
          [126.973724029583238, 37.937288683909657],
          [126.973756611056444, 37.93727120665536],
          [126.973805817807772, 37.93724142716674],
          [126.973856390851694, 37.937208096458939],
          [126.973913775935216, 37.937167288543897],
          [126.974003612292904, 37.937100232606106],
          [126.974082457088102, 37.937037276154456],
          [126.974149263216106, 37.936980110043926],
          [126.974211565582422, 37.936919882417627],
          [126.974346407046212, 37.936776018391669],
          [126.974379955712465, 37.936743573871325],
          [126.974411431173294, 37.936716002971473],
          [126.974446317874438, 37.936689184187188],
          [126.974480824219896, 37.936666776308236],
          [126.974515327979361, 37.936648502828589],
          [126.97455108751744, 37.936633710839423],
          [126.974599634177324, 37.936619196386701],
          [126.974652585044367, 37.93660909386108],
          [126.974710372425875, 37.936603316859369],
          [126.974773786957471, 37.93660178445942],
          [126.974843064154953, 37.936604403905797],
          [126.974921497227015, 37.936611229946337],
          [126.975008310507732, 37.936621881300695],
          [126.975267760551972, 37.936658056572625],
          [126.975348732219018, 37.936666442387626],
          [126.97542022254089, 37.936670971948899],
          [126.975475298013706, 37.936671950148174],
          [126.975523782104858, 37.936670695324402],
          [126.975603661511101, 37.936666077481277],
          [126.975724887666587, 37.936657691383687],
          [126.975866203237757, 37.936645056850068],
          [126.976001525535594, 37.936630755088018],
          [126.976121913615287, 37.936614087878127],
          [126.976231788203123, 37.936594438114945],
          [126.976332722624178, 37.936571507933486],
          [126.976423251526711, 37.93654586105113],
          [126.976507081309776, 37.936516692792139],
          [126.976594991535819, 37.936479988928276],
          [126.976683622592333, 37.936436997486368],
          [126.976776898585186, 37.936385422745019],
          [126.976871016113023, 37.936326972126274],
          [126.976966032036131, 37.936261609601459],
          [126.977062081722295, 37.936189242397809],
          [126.977162247553679, 37.936107274603721],
          [126.977260584363947, 37.936020407962786],
          [126.977345332579915, 37.935938616316996],
          [126.977423625427434, 37.935855630527037],
          [126.977470682702304, 37.935801447144001],
          [126.977514596899994, 37.935747219895973],
          [126.977542451732646, 37.93571014435355],
          [126.977563298206235, 37.935676672126554],
          [126.97758363364099, 37.935636582398665],
          [126.977602960835753, 37.935590181394886],
          [126.977618372537918, 37.935547757290188],
          [126.977649579198456, 37.935448013915646],
          [126.977665259936529, 37.935403493368909],
          [126.977695820784717, 37.935328677048751],
          [126.977716192963484, 37.935290663066993],
          [126.977738390456878, 37.935257756852387],
          [126.977762879861771, 37.93522927197629],
          [126.977789938831251, 37.935204896764709],
          [126.977827581389491, 37.935180451466302],
          [126.977871005815274, 37.935160381304208],
          [126.977905989465597, 37.935148843239851],
          [126.977975032297209, 37.935132132944979],
          [126.978144491705791, 37.935099928927407],
          [126.97818555266025, 37.935089891071698],
          [126.978221203739309, 37.935079092708534],
          [126.978250917019679, 37.935067911238846],
          [126.978287173764244, 37.935051476690376],
          [126.978359662970249, 37.935012029796248],
          [126.978404729959479, 37.934983441356003],
          [126.978453246241074, 37.934949774934196],
          [126.978628584338949, 37.934817348083669],
          [126.978703194999682, 37.934764742239238],
          [126.978758359499508, 37.934732216581843],
          [126.978874163810815, 37.934673156518834],
          [126.978919881220904, 37.934647976250552],
          [126.978963011582934, 37.934619827807161],
          [126.978995890443699, 37.934592113573146],
          [126.9790161928359, 37.934568434197864],
          [126.97903326435285, 37.934537811603306],
          [126.979040185259834, 37.934500944588493],
          [126.979036110773194, 37.93440042063159],
          [126.979040315143749, 37.934355995149907],
          [126.979063425626961, 37.934317545361452],
          [126.979102283412075, 37.9342927629163],
          [126.979142598389188, 37.934279847892597],
          [126.979188557890566, 37.934270325890949],
          [126.979289827410355, 37.934254737682238],
          [126.979324665715069, 37.934248082261213],
          [126.979363330258124, 37.934238645399518],
          [126.979394967645149, 37.934227675697542],
          [126.979441072991762, 37.934208878449759],
          [126.979502542115455, 37.934180025771369],
          [126.97959149717515, 37.934133944658328],
          [126.97963026094726, 37.934110839571261],
          [126.979665257272202, 37.934087650933925],
          [126.979696568069087, 37.934064325608347],
          [126.979724230886958, 37.934040834773938],
          [126.979754750845615, 37.934010046813611],
          [126.979775009221228, 37.933983630242871],
          [126.979790051913014, 37.933953707216808],
          [126.979800603872107, 37.933918990419045],
          [126.979806186803785, 37.933885628681651],
          [126.979809073044635, 37.933846824805698],
          [126.979808466928901, 37.9337172596694],
          [126.979810018171634, 37.933672675134332],
          [126.979815005854405, 37.933632126497201],
          [126.979823797959952, 37.933597678774561],
          [126.979836527833669, 37.933568378794234],
          [126.979853516523022, 37.933543226566975],
          [126.979878322136742, 37.93351807026847],
          [126.979909281244574, 37.933494344806654],
          [126.979959475873301, 37.933465168325078],
          [126.980022798153129, 37.93343688147695],
          [126.980088999520021, 37.933412387137047],
          [126.98026050961326, 37.933354335151549],
          [126.980306703749832, 37.933336688076601],
          [126.98034635708963, 37.933319559733434],
          [126.980463007239109, 37.933261966765244],
          [126.980584249362082, 37.933199794060954],
          [126.980698177906064, 37.933139121898208],
          [126.980807638153891, 37.933078509258806],
          [126.980990680150057, 37.932971255062],
          [126.981092258679737, 37.932908773234388],
          [126.98115957335304, 37.93286438661908],
          [126.98119979561298, 37.932835873802716],
          [126.981242825236478, 37.932802651306673],
          [126.981408305341802, 37.932663649039775],
          [126.981481673058823, 37.932606739229826],
          [126.981523502378181, 37.932578026545762],
          [126.981564081707731, 37.932553290399333],
          [126.981604184666864, 37.932532055216569],
          [126.981644473366529, 37.932513976041335],
          [126.981688312978022, 37.932497147008448],
          [126.981735502202611, 37.932481418526677],
          [126.981786395965926, 37.932466672623825],
          [126.981841671121984, 37.932452712093692],
          [126.981964708184364, 37.932426972243405],
          [126.982070753117569, 37.932406943437257],
          [126.982144527585945, 37.932395835254624],
          [126.982197819153129, 37.932390022356202],
          [126.982258961028833, 37.93238679991866],
          [126.982456275494613, 37.932386081720558],
          [126.982521323123748, 37.932384398534182],
          [126.982578803647172, 37.932380163631059],
          [126.982628910494995, 37.932373113976375],
          [126.982674744598285, 37.932362634694186],
          [126.982715511993419, 37.932348695941855],
          [126.982755072546638, 37.932329686508879],
          [126.982793917650497, 37.932305582142888],
          [126.982821774973218, 37.932284822251248],
          [126.98284961817653, 37.93226111988119],
          [126.982906725315758, 37.932203598673368],
          [126.982955421695976, 37.932146569934297],
          [126.983057636987354, 37.932018374638268],
          [126.983118278737891, 37.93194737397085],
          [126.983148624285775, 37.931908240588257],
          [126.983180404283914, 37.931863585541691],
          [126.983288609244212, 37.93169803161684],
          [126.983334465547046, 37.931632291123918],
          [126.983386526553232, 37.93156717764181],
          [126.983438974075199, 37.931512800692353],
          [126.983468757873595, 37.931486623563544],
          [126.983495311060892, 37.931466275055861],
          [126.983526683768076, 37.931445654232107],
          [126.983562559689645, 37.931425136736166],
          [126.983634394359939, 37.931389902875587],
          [126.983805697191244, 37.931314381851884],
          [126.983880363554007, 37.931275703936372],
          [126.983911078288173, 37.931256582083499],
          [126.983937993914779, 37.931237193926783],
          [126.983961465382578, 37.931217283650213],
          [126.983981753222835, 37.931196627858171],
          [126.984001212610423, 37.931172402425389],
          [126.98401865580432, 37.931145632460741],
          [126.984034245516185, 37.931116071129573],
          [126.984048237781053, 37.931083235563527],
          [126.984070556379777, 37.931013093194274],
          [126.984105329494227, 37.93086689874341],
          [126.984122539890464, 37.930806105628172],
          [126.9841460836751, 37.930745189934406],
          [126.984159546707801, 37.930718551848805],
          [126.98418215907904, 37.930683127221748],
          [126.984208378892362, 37.930650330215641],
          [126.984254932421891, 37.930604533557762],
          [126.984304866677249, 37.930562892468011],
          [126.984425298972752, 37.930469557554282],
          [126.984477496234987, 37.930424152561763],
          [126.984517255870045, 37.930381662253339],
          [126.984539005925726, 37.930350947557464],
          [126.984558322168937, 37.930313068261626],
          [126.984567452072369, 37.930282588850659],
          [126.984572657116544, 37.930249694404679],
          [126.984574022718562, 37.93021389031906],
          [126.984571927088837, 37.930177890275509],
          [126.98456655422369, 37.930137574298257],
          [126.984558638724508, 37.930093893876105],
          [126.984593874605267, 37.929990890393867],
          [126.984570183864278, 37.929941511259898],
          [126.984446565417727, 37.929921732861956],
          [126.984460910245502, 37.929789893862129],
          [126.984486399195077, 37.92966593775288],
          [126.984513341069885, 37.929583001638839],
          [126.984519287448606, 37.929475371586982],
          [126.984531462492313, 37.92937833831111],
          [126.984551540827113, 37.929273998542882],
          [126.984576029053983, 37.929174618123255],
          [126.984607364077675, 37.929132220368608],
          [126.984685806557437, 37.929081713074083],
          [126.98474547375838, 37.928979318137422],
          [126.984779521152745, 37.928827688869852],
          [126.98482323193376, 37.928665395502151],
          [126.984952573042264, 37.928534605468172],
          [126.985139141506082, 37.928361849514381],
          [126.985358145249378, 37.928204981781917],
          [126.985508909846274, 37.928099210205446],
          [126.985598294563985, 37.928056127390633],
          [126.985701682019894, 37.92797748608637],
          [126.985788568290388, 37.927936559674215],
          [126.985865509810594, 37.927914525628054],
          [126.985956310060345, 37.927925902765061],
          [126.985986544041197, 37.928068421649662],
          [126.985998646134121, 37.928194736753937],
          [126.985980140694537, 37.928354183902243],
          [126.985999663862543, 37.928454066290541],
          [126.986102260611105, 37.928667204927144],
          [126.986131243592325, 37.928751347173922],
          [126.986141205814079, 37.928863307313001],
          [126.986100002278306, 37.92899024495641],
          [126.986031233465837, 37.929203884913981],
          [126.98592490829428, 37.929422988144438],
          [126.985876423231772, 37.92952647425092],
          [126.985875458090064, 37.929678192481767],
          [126.985829272605358, 37.929740738312233],
          [126.985772805846054, 37.929808175887963],
          [126.985713043020596, 37.929873731872455],
          [126.985551891229008, 37.930043828635398],
          [126.98550641840373, 37.930094890137717],
          [126.985467549284323, 37.93014161621241],
          [126.985429622584803, 37.93019077492913],
          [126.985376157882484, 37.930264532776462],
          [126.985308309903999, 37.930361340259395],
          [126.985252922278335, 37.930442671111557],
          [126.985206733811253, 37.930515081082923],
          [126.985145794512235, 37.93062221050652],
          [126.985033055096181, 37.930773808228956],
          [126.984973171668102, 37.93090509820339],
          [126.984959819195709, 37.93099331655155],
          [126.984989934280676, 37.931073950029138],
          [126.985053623321946, 37.931141542154919],
          [126.985145167384218, 37.931172477613096],
          [126.985268678535647, 37.931285363810034],
          [126.985321431436788, 37.931351885003053],
          [126.985329344814048, 37.931420639426157],
          [126.98529659430281, 37.931479736102766],
          [126.985172771434051, 37.93152950831302],
          [126.985138834401525, 37.931565808310381],
          [126.985124348294093, 37.931607126291105],
          [126.985129682946251, 37.931647194469519],
          [126.985144924636629, 37.931683553827547],
          [126.985165118017179, 37.931718738081116],
          [126.985219893232596, 37.931803994616246],
          [126.985242283956367, 37.931846546117832],
          [126.985255708526338, 37.931886217988634],
          [126.985253911768254, 37.931957943394323],
          [126.985250113591917, 37.93207244157211],
          [126.985251834042771, 37.932115103995685],
          [126.985303942703169, 37.932215228362921],
          [126.985320636876565, 37.932401771851644],
          [126.985329182832174, 37.932544818742691],
          [126.985332262490573, 37.932656937485923],
          [126.985294360041522, 37.932800113715487],
          [126.985286905365697, 37.932849170757947],
          [126.985277436769252, 37.932895249941581],
          [126.98526582554797, 37.932939175609704],
          [126.985251326073808, 37.93298377481738],
          [126.985234035113166, 37.933028624133939],
          [126.985213201594291, 37.933075309117768],
          [126.98518933084766, 37.933122388326893],
          [126.985162381901148, 37.933169941037015],
          [126.985132296715349, 37.933218069044926],
          [126.985099038869834, 37.933266839013044],
          [126.985062476366622, 37.93331645183148],
          [126.984978836591992, 37.93341899875692],
          [126.98489226828184, 37.93351777030788],
          [126.984729981296908, 37.933623569232068],
          [126.984477005022995, 37.933869220577137],
          [126.98432751623433, 37.934075507828922],
          [126.984149246893921, 37.934289605760128],
          [126.984093993015549, 37.934342994290262],
          [126.984042908413301, 37.934389500181112],
          [126.983995977136985, 37.934429340562602],
          [126.983950077231896, 37.934465368289594],
          [126.983904610268681, 37.934498052670968],
          [126.983859226981082, 37.934527641417844],
          [126.983813136687829, 37.934554636244847],
          [126.983763474730594, 37.934580780074008],
          [126.983710094350116, 37.934606149460343],
          [126.983652529110088, 37.934630970469826],
          [126.983547416502788, 37.934671195383324],
          [126.983422618533467, 37.934713218409172],
          [126.983262954469822, 37.934763950235329],
          [126.98309090854147, 37.934808341055501],
          [126.982864823640782, 37.934835756373808],
          [126.982607638214475, 37.934927639696383],
          [126.982472822899481, 37.934961968010761],
          [126.982296912696512, 37.934969635701002],
          [126.982150682745271, 37.934987046789708],
          [126.981990703630927, 37.935036247945099],
          [126.981825259120555, 37.935064348937381],
          [126.981636971725891, 37.935060569094631],
          [126.981486410968742, 37.935059427437281],
          [126.981392627163189, 37.935055871051901],
          [126.981343090887108, 37.935057099297374],
          [126.981297672934033, 37.935060960721714],
          [126.981256227713487, 37.935067386835051],
          [126.981214657669639, 37.935077056295917],
          [126.981176083325281, 37.935088849735635],
          [126.981136644836909, 37.935103565671746],
          [126.981095914447991, 37.935121360798107],
          [126.981053062800797, 37.935142594454625],
          [126.980976290038427, 37.935185636162174],
          [126.980800932518093, 37.935291852766426],
          [126.980715704577946, 37.935337687637109],
          [126.980627756275851, 37.93537642619912],
          [126.980505636189633, 37.935424389163124],
          [126.980354112478608, 37.935478341044472],
          [126.980177023683609, 37.935536066065112],
          [126.979791330171352, 37.935654219021593],
          [126.979440611544192, 37.935763546720707],
          [126.97913711285797, 37.935855006216499]
        ]
      }
    },
    {
      "type": "Feature",
      "properties": {
        "PMNTN_SN": 1116,
        "MNTN_CODE": "414800101",
        "MNTN_NM": "감악산",
        "PMNTN_NM": null,
        "PMNTN_MAIN": null,
        "PMNTN_LT": 1.71,
        "PMNTN_DFFL": "쉬움",
        "PMNTN_UPPL": 30,
        "PMNTN_GODN": 21,
        "PMNTN_MTRQ": null,
        "PMNTN_CNRL": null,
        "PMNTN_CLS_": null,
        "PMNTN_RISK": null,
        "PMNTN_RECO": null,
        "DATA_STDR_": "2016-12-31",
        "MNTN_ID": "416300101"
      },
      "geometry": {
        "type": "LineString",
        "coordinates": [
          [126.966619333273798, 37.926922054267131],
          [126.966825132740738, 37.926914534650571],
          [126.966922469968736, 37.926936207149865],
          [126.967020672234369, 37.926989745181736],
          [126.967056328091644, 37.927016661761698],
          [126.967089452620158, 37.927060298180621],
          [126.967122349500727, 37.927091624974132],
          [126.967206974753438, 37.927158280354881],
          [126.967242442241727, 37.927192231369759],
          [126.967263810036272, 37.927219423199482],
          [126.967284283894898, 37.92725163301602],
          [126.967339002914642, 37.927358335802197],
          [126.967400447156137, 37.927448029764655],
          [126.967463004819791, 37.927564111650391],
          [126.967540238499197, 37.927634187415634],
          [126.967681848621936, 37.927686716990031],
          [126.967830236539967, 37.927674598553672],
          [126.967960357484458, 37.927633745765235],
          [126.968019980273382, 37.927637464848694],
          [126.968053573911192, 37.927653001683822],
          [126.968142107461574, 37.927706961392467],
          [126.968188752880607, 37.927778220390216],
          [126.968213877225381, 37.927804758977373],
          [126.968238081565516, 37.92783624167248],
          [126.968260207971056, 37.927870120303865],
          [126.968317591896422, 37.927965432751741],
          [126.968337108240391, 37.927993441938639],
          [126.968356558039346, 37.928017518498947],
          [126.968413408969951, 37.92808041851886],
          [126.968441928018365, 37.928111217613854],
          [126.968471043262738, 37.928133644421422],
          [126.968504312990603, 37.928154666866511],
          [126.968572260898199, 37.928193416464119],
          [126.968618706292972, 37.928217822723326],
          [126.968741264661261, 37.928271883841404],
          [126.968818029068942, 37.928310424817887],
          [126.968870543231176, 37.92834995216807],
          [126.968907353331659, 37.928372506132817],
          [126.968943518492253, 37.928405975710326],
          [126.968958692439344, 37.928450349229372],
          [126.968954711565175, 37.928485228989693],
          [126.968945950256554, 37.928511569275692],
          [126.968932514314403, 37.928540130046009],
          [126.968914986711894, 37.928569447424849],
          [126.968894132343763, 37.92859822155549],
          [126.968871429592483, 37.928624401385882],
          [126.968851149865344, 37.928652532389172],
          [126.968806716408139, 37.928681557028362],
          [126.968753181975913, 37.928708732306632],
          [126.968678577212003, 37.9287371182238],
          [126.968631515938128, 37.928747944902668],
          [126.968502221057605, 37.92876305877904],
          [126.968449471857539, 37.92877291805442],
          [126.968380588007363, 37.928791122887617],
          [126.968327267255177, 37.928807508366837],
          [126.968281181367956, 37.928824640849761],
          [126.968241473690341, 37.928842920131373],
          [126.96821505610329, 37.928857768605056],
          [126.968188891149026, 37.928874947873865],
          [126.968136490830474, 37.928916871571232],
          [126.968083617573228, 37.928968640593027],
          [126.968013176390855, 37.929047023099656],
          [126.96795502868369, 37.929119699652318],
          [126.967928095274601, 37.929159048993057],
          [126.967857105972286, 37.929246796529021],
          [126.967803097639091, 37.929289544897266],
          [126.967716555059326, 37.929319222486995],
          [126.967603024015858, 37.929328928649674],
          [126.967513382599861, 37.929377429483374],
          [126.96747394000802, 37.929397043770862],
          [126.967444142197039, 37.929420836572021],
          [126.967408729638578, 37.929471105544884],
          [126.967384286080687, 37.929494084462299],
          [126.967354184922556, 37.929516931168884],
          [126.967282542615763, 37.929564112434761],
          [126.96724855348738, 37.929594933156288],
          [126.967202684670823, 37.929651771514301],
          [126.967168432163447, 37.92968384084201],
          [126.967082831202063, 37.929740392373034],
          [126.96705294861988, 37.929782778654683],
          [126.967040447976643, 37.929826305883736],
          [126.967037339635127, 37.929868933901147],
          [126.967042295274268, 37.929902562883143],
          [126.967053168797833, 37.929939349515323],
          [126.967070294117732, 37.929980434479731],
          [126.967094272845003, 37.93002607380879],
          [126.967079472557572, 37.930079130542573],
          [126.967020164467456, 37.930140694099293],
          [126.966995883583962, 37.930178131267049],
          [126.966990205404372, 37.930208684159659],
          [126.966991099256276, 37.930280335281346],
          [126.966984315333065, 37.930367129052314],
          [126.966978831234883, 37.930426559832362],
          [126.966961414071761, 37.930473238958982],
          [126.966930610169101, 37.930517298892319],
          [126.966881509029704, 37.930563953782432],
          [126.966863576654944, 37.930602691862269],
          [126.966852575973476, 37.930654037845841],
          [126.966853055292503, 37.930685974505771],
          [126.966867902868785, 37.930776566411922],
          [126.966870009936599, 37.930816037190361],
          [126.966859738731756, 37.930896922500324],
          [126.966866832262909, 37.930957077563242],
          [126.966892732031795, 37.931036426138803],
          [126.966898465316817, 37.931068396708319],
          [126.966898515588383, 37.931118636742916],
          [126.96689201990749, 37.931181155649149],
          [126.966871666778587, 37.931209919638981],
          [126.966810938739471, 37.931242102123619],
          [126.96675750078812, 37.93127155318431],
          [126.966730312903209, 37.931309561565556],
          [126.966701400830516, 37.931382327717657],
          [126.966664721140901, 37.931441955956565],
          [126.96661539867759, 37.931500901288686],
          [126.96649003173097, 37.931636779657318],
          [126.966459726281585, 37.931673618566748],
          [126.966434774914248, 37.93170793996731],
          [126.966404110503603, 37.931753593555996],
          [126.966373305279973, 37.93180364368289],
          [126.96632861765822, 37.931884843431433],
          [126.966310881701162, 37.931923044514235],
          [126.966296175489376, 37.931959818472158],
          [126.966284403369443, 37.93199540673082],
          [126.966275518643627, 37.932029953428156],
          [126.966267603320631, 37.932081321851179],
          [126.96626500261587, 37.932139489388341],
          [126.96626685345835, 37.932198890686784],
          [126.966274376865471, 37.932333160811524],
          [126.966286360911596, 37.932463805927924],
          [126.966304763458183, 37.932605301094505],
          [126.966330520578566, 37.932747952463174],
          [126.966363521125288, 37.932891138348893],
          [126.966382781039897, 37.932961423460398],
          [126.966406423004742, 37.933038387584276],
          [126.966443114527721, 37.933150115481027],
          [126.966478273301377, 37.93324823693613],
          [126.966507545675171, 37.933323614283083],
          [126.966572832455881, 37.93347215365516],
          [126.966598517408613, 37.933534770850031],
          [126.966621559454794, 37.933601060419974],
          [126.966637200214919, 37.933661358439743],
          [126.966648928178671, 37.93371868224709],
          [126.966657424955642, 37.933774991580144],
          [126.966662131431889, 37.933821515633994],
          [126.966669896684365, 37.933913376735916],
          [126.96667139063247, 37.933975485232509],
          [126.966666622973989, 37.934034188205118],
          [126.966649523312896, 37.934073206657338],
          [126.966620774308311, 37.934099741086953],
          [126.966561891783385, 37.934132937507286],
          [126.966545072377414, 37.934170842462002],
          [126.966553646278399, 37.9342100186525],
          [126.9665556742262, 37.934278342881143],
          [126.966561004391693, 37.934311512485415],
          [126.966579655237055, 37.934389151744128],
          [126.966583777242576, 37.934427641952517],
          [126.966577763984418, 37.934491184410334],
          [126.96658235513479, 37.934521072580836],
          [126.966595456453163, 37.934555170554646],
          [126.966630780814413, 37.934616041743382],
          [126.966664418640462, 37.934698800768032],
          [126.966679283152814, 37.934727941361004],
          [126.966696951885822, 37.934781825246461],
          [126.966716909672328, 37.934834984519973],
          [126.966739157654217, 37.934887419180718],
          [126.966763694698187, 37.934939129227104],
          [126.96679175739871, 37.934987368943233],
          [126.966866875607323, 37.935097916467107],
          [126.966883578441781, 37.935127249450012],
          [126.96689619623389, 37.93515445686613],
          [126.966910227475751, 37.9351929525481],
          [126.966922443974369, 37.93523486858502],
          [126.966933045647849, 37.935280843799568],
          [126.966942525232767, 37.935333002745487],
          [126.966946114075611, 37.935363651008842],
          [126.966947484173204, 37.935398083495052],
          [126.966943794850351, 37.935505437493454],
          [126.966944239907903, 37.935540371542238],
          [126.966949037215855, 37.935595552722418],
          [126.966959467759722, 37.935655501452857],
          [126.966969458180316, 37.93570000255243],
          [126.966981309679838, 37.935739300347478],
          [126.966995367756184, 37.935774098568075],
          [126.967009702733549, 37.935800219917837],
          [126.96702924014221, 37.93582788513163],
          [126.96705107803723, 37.935854735636191],
          [126.967120673599979, 37.935932103444891],
          [126.967146974812934, 37.935967662756454],
          [126.967184462297141, 37.936032166955627],
          [126.967208265656055, 37.936080243206654],
          [126.967226862703214, 37.936125302558793],
          [126.967240501125843, 37.936167989255182],
          [126.967246680405296, 37.936195894866103],
          [126.967251115337888, 37.936227474021429],
          [126.967260309594579, 37.936351779167488],
          [126.967265490404912, 37.936384191897723],
          [126.967283732885377, 37.936464645438136],
          [126.967289917505354, 37.936501127988187],
          [126.967291596748666, 37.936539141783022],
          [126.967283434420494, 37.936581096252631],
          [126.967269003582459, 37.936608976307703],
          [126.967222089269114, 37.936669026161937],
          [126.967202768714287, 37.936700522117128],
          [126.967195616752477, 37.936746951825938],
          [126.967221578847585, 37.936821953237171],
          [126.967226937662346, 37.936850610901672],
          [126.967224221936547, 37.936879642909602],
          [126.967214858031056, 37.936911894823602],
          [126.967194092451507, 37.936964449825894],
          [126.967135940319125, 37.937077221268169],
          [126.967114123176444, 37.93712801822894],
          [126.967103108888892, 37.937164704093718],
          [126.967098406950257, 37.937221739432019],
          [126.96710211246122, 37.937264070190636],
          [126.967111791197397, 37.9373015744859],
          [126.967134192931539, 37.937343125748917],
          [126.967159500986597, 37.937372302519449],
          [126.967182661624506, 37.937393162116869],
          [126.967224711248065, 37.937424934641754],
          [126.967277864118913, 37.937450291048698],
          [126.967367832689561, 37.937479405553454],
          [126.967402211896157, 37.93749299944156],
          [126.967441611546718, 37.937518693419406],
          [126.967472992762353, 37.937554149545143],
          [126.967491344955519, 37.937585549639728],
          [126.967497125193617, 37.937618549029914],
          [126.967482668494583, 37.937645463292455],
          [126.967445114104862, 37.937683777053245],
          [126.967422970737317, 37.937718601227807],
          [126.967416608500642, 37.937743936574378],
          [126.967414653514794, 37.937781460143199],
          [126.967418494606264, 37.937821213338871],
          [126.967432005661067, 37.937900860988066],
          [126.967442055317122, 37.937941351967517],
          [126.967470388060477, 37.938015420591817],
          [126.96747967270008, 37.938044370327532],
          [126.967485171211649, 37.938073966791372],
          [126.967484959347743, 37.938100412895345],
          [126.967477997486696, 37.938133743010276],
          [126.967464786838377, 37.93816981745897],
          [126.967445244215881, 37.938208938030783],
          [126.967412374825884, 37.938260988788613],
          [126.967389901876018, 37.938286947623055],
          [126.967321350811318, 37.938349924057555],
          [126.967291512146844, 37.938385756919487],
          [126.967270972902583, 37.938429899918326],
          [126.967261303112821, 37.93847172962397],
          [126.96725652116055, 37.938516893261692],
          [126.967252679379058, 37.938604440929858],
          [126.967246006138154, 37.938663795629047],
          [126.967245168651132, 37.938689935236539],
          [126.967249807998371, 37.938725202879155],
          [126.967269309684809, 37.938766106425199],
          [126.967296017704967, 37.938797415170114],
          [126.967332582621154, 37.938829440189245],
          [126.967378539354499, 37.938861773219173],
          [126.967411435641267, 37.938880862417349],
          [126.967447634017773, 37.938898155146802],
          [126.967485789000378, 37.938913007762423],
          [126.967539434647378, 37.938927615980816],
          [126.967588843768638, 37.938932242407425],
          [126.967628927460055, 37.938930507421873],
          [126.967714848739419, 37.938921882014739],
          [126.967751757683729, 37.938919528072191],
          [126.967789793791596, 37.938920202482088],
          [126.967822737435341, 37.938924907188536],
          [126.967861716133413, 37.93893450743402],
          [126.967910829143676, 37.938950434120414],
          [126.967950924322977, 37.938966784474523],
          [126.968021947639329, 37.93900565768547],
          [126.968071795228056, 37.93901721855454],
          [126.96814937882391, 37.939019920774356],
          [126.968180311675326, 37.939042169718988],
          [126.968195723352636, 37.939072123794837],
          [126.968203232385832, 37.939098999027181],
          [126.968214690405887, 37.939135508163552],
          [126.96827105399187, 37.939261491150823]
        ]
      }
    },
    {
      "type": "Feature",
      "properties": {
        "PMNTN_SN": 1117,
        "MNTN_CODE": "414800101",
        "MNTN_NM": "감악산",
        "PMNTN_NM": "설마리구간",
        "PMNTN_MAIN": null,
        "PMNTN_LT": 1.43,
        "PMNTN_DFFL": "쉬움",
        "PMNTN_UPPL": 54,
        "PMNTN_GODN": 38,
        "PMNTN_MTRQ": null,
        "PMNTN_CNRL": null,
        "PMNTN_CLS_": null,
        "PMNTN_RISK": null,
        "PMNTN_RECO": null,
        "DATA_STDR_": "2016-12-31",
        "MNTN_ID": "416300101"
      },
      "geometry": {
        "type": "LineString",
        "coordinates": [
          [126.965628420124588, 37.938986713634691],
          [126.965616306724641, 37.938933742099955],
          [126.965599607709052, 37.938902772852295],
          [126.96559954825841, 37.938866798346901],
          [126.965641543242768, 37.938806126078418],
          [126.965653597274439, 37.938776438256525],
          [126.965659206739673, 37.938739704111597],
          [126.965657954174588, 37.938703211217209],
          [126.965648710708976, 37.938655591196799],
          [126.965622226370215, 37.938563301193184],
          [126.965615187413803, 37.938533128494832],
          [126.965609631716632, 37.93849840198326],
          [126.965608452817861, 37.938467446278892],
          [126.965610166749499, 37.938439014949715],
          [126.965620018860633, 37.938364332695265],
          [126.965621776055954, 37.938330925492359],
          [126.965620550623981, 37.938282638411387],
          [126.965616974219586, 37.938240820285571],
          [126.965610821677757, 37.938202874543059],
          [126.965597462382789, 37.938158060637463],
          [126.965563866879393, 37.938100815059443],
          [126.965557856622027, 37.938065202786838],
          [126.965609189290618, 37.937997721254668],
          [126.965625321379136, 37.937968087778756],
          [126.965641857289413, 37.937921356398199],
          [126.965686073212154, 37.937824339071177],
          [126.965701594551533, 37.937779597559505],
          [126.965710903136724, 37.937735857881286],
          [126.965716278822285, 37.93769278825576],
          [126.965717627966427, 37.937651181482607],
          [126.965714933265161, 37.937611570011853],
          [126.96570819600035, 37.937576105286126],
          [126.96569615018602, 37.937537183010171],
          [126.965679422340486, 37.937495428616678],
          [126.96564871792593, 37.937427767242205],
          [126.965625330629237, 37.937383998198129],
          [126.965560839702079, 37.937281846184007],
          [126.965546484144866, 37.937253993053403],
          [126.965536098867105, 37.937228197927816],
          [126.965520828340161, 37.937186568266029],
          [126.965512990560171, 37.937157311575525],
          [126.965509434605437, 37.937123099172425],
          [126.965518539820408, 37.937078883749045],
          [126.965536809728661, 37.937043284888169],
          [126.965572127903073, 37.936998596032765],
          [126.965613047577207, 37.936965671464918],
          [126.96569626367652, 37.936930745621524],
          [126.965735678883874, 37.936891596884379],
          [126.96574651535748, 37.936817832943241],
          [126.965755466314803, 37.93678451971919],
          [126.965767643779728, 37.93675277506707],
          [126.965789055114101, 37.936705547755878],
          [126.965813538299102, 37.936664644124107],
          [126.965841359702551, 37.936629676843438],
          [126.965865057504303, 37.936609354928322],
          [126.965939897752762, 37.936556161740064],
          [126.965963470961512, 37.936517295737119],
          [126.965965753539237, 37.93647641357785],
          [126.965956282749048, 37.936403899646137],
          [126.965952142608074, 37.93634847717162],
          [126.965947112655954, 37.936315798650078],
          [126.965913919663478, 37.936176418242695],
          [126.965904912993409, 37.936116406771859],
          [126.96590453528178, 37.936084493591537],
          [126.965908176254246, 37.936055605127635],
          [126.965915913533308, 37.936029148584282],
          [126.965927838251432, 37.936004836587351],
          [126.965948999728539, 37.935978237074693],
          [126.966015727006365, 37.935911212066117],
          [126.96603800237223, 37.935869139226128],
          [126.966045229529797, 37.935841159938732],
          [126.966048913078211, 37.935811066925673],
          [126.966048977673623, 37.935779447578028],
          [126.966045391238325, 37.935746804610581],
          [126.966038237461916, 37.935714210165024],
          [126.966027725215397, 37.935682621999455],
          [126.966008766521625, 37.935644138306323],
          [126.965988757704892, 37.935615954745927],
          [126.965951031546282, 37.935568518388486],
          [126.965907509135775, 37.935517357657943],
          [126.965782268718854, 37.935379928953246],
          [126.965702648696762, 37.935295584153842],
          [126.965679570263845, 37.935269048363608],
          [126.965657108732188, 37.935236886382228],
          [126.965643120949991, 37.935206607131292],
          [126.96563693309399, 37.935181499746868],
          [126.965634019740151, 37.935152476033799],
          [126.965633328052945, 37.935113531824506],
          [126.965636562311062, 37.935054326633697],
          [126.965646572999447, 37.934940957139418],
          [126.965642332926961, 37.934885841831459],
          [126.965625619337246, 37.934853911259651],
          [126.965569479011961, 37.93482713424185],
          [126.965561843878305, 37.93479557570182],
          [126.965578087389872, 37.934732884977372],
          [126.965563691239339, 37.93466873747775],
          [126.965571246424346, 37.934622916104004],
          [126.965550721891418, 37.934581956090298],
          [126.965558578554081, 37.93451655468651],
          [126.965556876871389, 37.934445753856387],
          [126.96556407555785, 37.934361854167555],
          [126.965559796169799, 37.934286370398382],
          [126.965565657499852, 37.934233354523855],
          [126.965576572214914, 37.934191354113125],
          [126.965588640310358, 37.934166535856832],
          [126.965625293951391, 37.934113882147074],
          [126.965637174343399, 37.934076812854244],
          [126.965627668308841, 37.934025152904972],
          [126.965614367024457, 37.933947753803089],
          [126.965603738846951, 37.933912006819142],
          [126.965564551828578, 37.933811517166909],
          [126.965552853933247, 37.933769535362238],
          [126.965550168470955, 37.933734990748825],
          [126.96556516202169, 37.933676353877217],
          [126.96556726292269, 37.933649690282266],
          [126.96556605631433, 37.933619812968558],
          [126.965551867304086, 37.933524218217066],
          [126.96554865899904, 37.933491253697227],
          [126.965548902454117, 37.933437569476141],
          [126.965542388110038, 37.933403152573895],
          [126.96551339461341, 37.933339152136213],
          [126.965518367288269, 37.933281745715895],
          [126.965500262538939, 37.933243395514523],
          [126.965501053287667, 37.933204054411995],
          [126.965499151926224, 37.933142054786821],
          [126.965491430181572, 37.933082076964936],
          [126.96548218474635, 37.93304526365759],
          [126.965466762238506, 37.933014322663865],
          [126.965429632246824, 37.9329677566013],
          [126.965416320203971, 37.932936022492584],
          [126.965419647299228, 37.932907055554338],
          [126.965440205394401, 37.932831442115457],
          [126.965419113742385, 37.932800365209268],
          [126.965396616955431, 37.932770031161226],
          [126.965409744407523, 37.932705255648223],
          [126.965418518557016, 37.932674687537961],
          [126.965445072363721, 37.932618384799007],
          [126.965467389848072, 37.932562654709074],
          [126.965477298565432, 37.932523653228941],
          [126.965478419762121, 37.93249281889247],
          [126.965467051124676, 37.932464857592144],
          [126.965423458811529, 37.932414560636751],
          [126.965411672855694, 37.932381516105501],
          [126.965403386097535, 37.932309045672014],
          [126.965374624709881, 37.932243659611068],
          [126.965367588789263, 37.932208511876475],
          [126.965373255339856, 37.932170561452004],
          [126.96537813238902, 37.932101255384083],
          [126.965386647734661, 37.932040293088697],
          [126.965395018778253, 37.932012935807968],
          [126.965418662381794, 37.931979141295244],
          [126.965451056037907, 37.931953847012082],
          [126.965517326496425, 37.931913130451917],
          [126.96554707466936, 37.931889506610361],
          [126.965569268411713, 37.931854566547528],
          [126.965588178681756, 37.93178205722603],
          [126.965609638509278, 37.931740199523517],
          [126.965633343603187, 37.93171808026478],
          [126.965708687773358, 37.931669215441012],
          [126.965739185243436, 37.931640991568806],
          [126.965757841122354, 37.931603919715812],
          [126.965773922976652, 37.931544550648688],
          [126.965795221051664, 37.931453715063398],
          [126.9658086199628, 37.93141554973375],
          [126.965828746664585, 37.931383039754664],
          [126.965891201415957, 37.931305192332303],
          [126.965909609430582, 37.931272471921531],
          [126.965923476335448, 37.931228109146844],
          [126.965898050693028, 37.931193160624602],
          [126.965894879571977, 37.931158379816765],
          [126.965920742419257, 37.931086440941108],
          [126.96591872176522, 37.931050590149717],
          [126.965904311788222, 37.931000048644314],
          [126.965896872306104, 37.930964093574666],
          [126.965892095942934, 37.930929938453595],
          [126.96589016114153, 37.930890490231938],
          [126.965895121359267, 37.930846743821469],
          [126.965915307910592, 37.930767948945757],
          [126.965922092300843, 37.930727302295516],
          [126.965927352973168, 37.930680669357386],
          [126.965931305256802, 37.930602648187332],
          [126.965928253173857, 37.930541632935984],
          [126.965917301651132, 37.930448148216591],
          [126.965906851244299, 37.930385368581149],
          [126.965904500641855, 37.930357148652746],
          [126.965907535466471, 37.930310151087873],
          [126.965917897870227, 37.930255548106132],
          [126.965926707577893, 37.930225712419791],
          [126.965939738572956, 37.930192970620539],
          [126.96595873835706, 37.930151563501859],
          [126.96599569453231, 37.930079247609036],
          [126.966032505126662, 37.9299375232277],
          [126.966050599781852, 37.929858145705253],
          [126.96607909207124, 37.929716297277032],
          [126.96610806349382, 37.929576101300896],
          [126.966123646306855, 37.92954177545856],
          [126.966128110911086, 37.929509245592065],
          [126.966127244002223, 37.929482360383496],
          [126.966121482678716, 37.929435645871905],
          [126.966110903754156, 37.929370292220263],
          [126.966108281580944, 37.929343845263361],
          [126.966108017286814, 37.929310044609615],
          [126.966110944076746, 37.929272533901504],
          [126.966116703237518, 37.929229738191701],
          [126.966128977685969, 37.92916204506875],
          [126.966141768448239, 37.929104403883727],
          [126.966145576207978, 37.929077945262151],
          [126.966146558681771, 37.929041327725123],
          [126.966140774431423, 37.928945445284796],
          [126.9661112736744, 37.928799791672034],
          [126.966074835826959, 37.928723494045059],
          [126.96603629383408, 37.928627361595275],
          [126.966031732238008, 37.928556758983341],
          [126.966015533915296, 37.928381749328452],
          [126.966019002749803, 37.928293463570441],
          [126.966059491824623, 37.928213908696875],
          [126.966169126707243, 37.928122529041993],
          [126.966220372445221, 37.928064625001049],
          [126.966262148746196, 37.927860589273337],
          [126.966314579295585, 37.927693257288738],
          [126.96640574139272, 37.927449594236826],
          [126.966535125550536, 37.927260977739827],
          [126.966507245988907, 37.927126762087063],
          [126.966499058842572, 37.927006640041462],
          [126.966551718162009, 37.926941899008597],
          [126.966619333273798, 37.926922054267131]
        ]
      }
    },
    {
      "type": "Feature",
      "properties": {
        "PMNTN_SN": 1118,
        "MNTN_CODE": "414800101",
        "MNTN_NM": "감악산",
        "PMNTN_NM": "객현리구간",
        "PMNTN_MAIN": null,
        "PMNTN_LT": 1.2,
        "PMNTN_DFFL": "쉬움",
        "PMNTN_UPPL": 21,
        "PMNTN_GODN": 15,
        "PMNTN_MTRQ": null,
        "PMNTN_CNRL": null,
        "PMNTN_CLS_": null,
        "PMNTN_RISK": null,
        "PMNTN_RECO": null,
        "DATA_STDR_": "2016-12-31",
        "MNTN_ID": "418000101"
      },
      "geometry": {
        "type": "LineString",
        "coordinates": [
          [126.97913711285797, 37.935855006216499],
          [126.979168197454996, 37.935894783690259],
          [126.979190432206636, 37.935933850551656],
          [126.97921293639952, 37.93598163494498],
          [126.97923286789883, 37.936032036108273],
          [126.979243800601282, 37.936069265750149],
          [126.979251722854059, 37.936108333677097],
          [126.979256649419042, 37.936149318274019],
          [126.979258595044996, 37.936192342972483],
          [126.979257543627284, 37.936238026715152],
          [126.979253454252103, 37.936286214533048],
          [126.979246298376296, 37.93633725508419],
          [126.979235975679515, 37.936391890724217],
          [126.979219370397146, 37.936466304473655],
          [126.97919732906189, 37.936551620425412],
          [126.979179803686904, 37.93661703722556],
          [126.979167116027426, 37.93665519786412],
          [126.979154679739835, 37.936685353700774],
          [126.979136819387094, 37.936716202297568],
          [126.979116345831684, 37.936739802371918],
          [126.97909068093702, 37.936757709386384],
          [126.979057046038349, 37.936772591425111],
          [126.979021591131371, 37.936783140513135],
          [126.97897829205003, 37.936792218757581],
          [126.97893911393642, 37.93679866247659],
          [126.978829480116303, 37.936813205584258],
          [126.978780736823254, 37.936821683651758],
          [126.978738765898186, 37.936832348601392],
          [126.978706079070079, 37.936845181975208],
          [126.978680787709749, 37.936861178075539],
          [126.978657438073412, 37.936885300093053],
          [126.978640428149845, 37.936912935117626],
          [126.978628841962063, 37.936944937976932],
          [126.978623683344807, 37.936971715654678],
          [126.978621426975479, 37.93700124893131],
          [126.978622051170888, 37.937033789165099],
          [126.978625566032349, 37.937069821963902],
          [126.978639534676333, 37.937146546675727],
          [126.978683620783542, 37.937324035172296],
          [126.978698935403017, 37.937400316855509],
          [126.978711328117498, 37.937522294538219],
          [126.978733926053067, 37.937663833448845],
          [126.978740145190301, 37.937715008811665],
          [126.978743927952408, 37.937769118993032],
          [126.978743681317795, 37.937811810845616],
          [126.978740393260495, 37.937837160874047],
          [126.978737105200921, 37.937862510902264],
          [126.978726619119996, 37.937901777335114],
          [126.97870807840367, 37.937951030119557],
          [126.978683756181681, 37.938001422442206],
          [126.978654542466714, 37.938051425567473],
          [126.978620375716162, 37.938101398955162],
          [126.978581724800648, 37.938150656170869],
          [126.97853922130291, 37.938198388282139],
          [126.978486383864279, 37.938250461915523],
          [126.978455019443786, 37.938278622231763],
          [126.978431507042629, 37.938297375473489],
          [126.978392357612094, 37.938323409030595],
          [126.978345827127939, 37.938346962733426],
          [126.97829393495347, 37.93836748737305],
          [126.978232307609659, 37.938387095736196],
          [126.978169743681519, 37.938403949722854],
          [126.978010427425232, 37.938443475782528],
          [126.977928559906189, 37.938467524533927],
          [126.977888285194595, 37.938481983349071],
          [126.97785256172061, 37.938497146640387],
          [126.977820743256842, 37.938513289076596],
          [126.977792515782596, 37.938530574572489],
          [126.97776278267672, 37.938553615875797],
          [126.977721226959503, 37.938598249538387],
          [126.977690040240702, 37.938646745675612],
          [126.977632027934902, 37.938759571853069],
          [126.977603342860263, 37.938807349492251],
          [126.97757741854771, 37.938840561270489],
          [126.977543612494699, 37.938875449987989],
          [126.977515669241541, 37.938900113258953],
          [126.977476211628854, 37.938931153867799],
          [126.977430037169285, 37.938963791440614],
          [126.977371913938782, 37.939002186399961],
          [126.977219664809823, 37.939097448423773],
          [126.977150234678675, 37.939143717090445],
          [126.976991578893617, 37.939254507054763],
          [126.976919004490227, 37.939303361564143],
          [126.97681833554806, 37.93936796701545],
          [126.976726077491392, 37.939422779938255],
          [126.976552382703872, 37.939522389283098],
          [126.976421832871821, 37.939590884994651],
          [126.976348948245871, 37.939625813277168],
          [126.976282449489602, 37.939651821706214],
          [126.976246870890307, 37.93966295914182],
          [126.976212066594783, 37.939671780409647],
          [126.976177781765315, 37.939678344019846],
          [126.976144117657654, 37.939682631073737],
          [126.976099896556164, 37.939683592411157],
          [126.975995837442142, 37.939678314251786],
          [126.975960662275824, 37.939680076514563],
          [126.975915587230745, 37.939690285744419],
          [126.975872474369325, 37.939711437260335],
          [126.975832711830222, 37.939742667349151],
          [126.975803442401215, 37.939774178873556],
          [126.975772593384377, 37.939814361600511],
          [126.975709597890642, 37.939906589421419],
          [126.975680654572102, 37.939945807611352],
          [126.975647603739944, 37.939983789756972],
          [126.975614654570421, 37.94001352472138],
          [126.975564064818869, 37.940049240049035],
          [126.97550412275244, 37.940084969625104],
          [126.97543449029574, 37.940121291767227],
          [126.975286809726626, 37.940192223277478],
          [126.975224746094938, 37.940223596226282],
          [126.97516207474176, 37.940258900710177],
          [126.975109376990773, 37.940293494628165],
          [126.97506546394338, 37.940327708386192],
          [126.975020478164609, 37.940368419469394],
          [126.974974937602823, 37.94041459911454],
          [126.974847435314217, 37.940551292066651],
          [126.974804901995, 37.940591944128087],
          [126.974763843878378, 37.940626634979601],
          [126.974716742437167, 37.940662126353466],
          [126.974662121730105, 37.940699709870678],
          [126.97445982541899, 37.940827304805772],
          [126.974380752783844, 37.940880430377987],
          [126.974282315260936, 37.940950501923538],
          [126.974179846645796, 37.94102797731508],
          [126.974114465353466, 37.941079725472214],
          [126.974058064477816, 37.941127904252554],
          [126.974011452140473, 37.941171424612826],
          [126.973973354015072, 37.94121089351556],
          [126.973933643864413, 37.941256721773463],
          [126.973892460415485, 37.941309050862799],
          [126.973853921931308, 37.941361258898311],
          [126.973747778904524, 37.941512269490701],
          [126.97367711822038, 37.941605650389853],
          [126.973608107196156, 37.941720533411541],
          [126.973572941600764, 37.94176893564299],
          [126.973540958981076, 37.941798509867489],
          [126.973501879363241, 37.941816572095959],
          [126.973453270254694, 37.941820644192198],
          [126.973412681565861, 37.941814932988805],
          [126.973363298014974, 37.941802443822993],
          [126.973284139698336, 37.941779216802495],
          [126.973203858536323, 37.941753001060214],
          [126.973140567032559, 37.941729330689768],
          [126.973070916390157, 37.941698933324659],
          [126.972923141372092, 37.94162801357642],
          [126.972895621263504, 37.941614806690424],
          [126.972858591316609, 37.941599599323297],
          [126.972816284064123, 37.941584006925673],
          [126.972767907139712, 37.941569602346974],
          [126.972714133479954, 37.94155784885978],
          [126.97265003206374, 37.941547119116805],
          [126.97258277163165, 37.9415390202441],
          [126.972475781481251, 37.941531808479915],
          [126.972362190858874, 37.941530598922171],
          [126.972242358085325, 37.941535404249393],
          [126.97211769836197, 37.941546167117721],
          [126.972012532366236, 37.941561632886234],
          [126.971911513269944, 37.941579339283727],
          [126.971774673556354, 37.941609012281091],
          [126.971669427361917, 37.941637381864723],
          [126.971623186684994, 37.941647713495499],
          [126.971579659598703, 37.941654169926373],
          [126.971540245652349, 37.941656086606365],
          [126.971504266811607, 37.94165350031389],
          [126.971465229753377, 37.941645726566279],
          [126.971426037152909, 37.941634227387546],
          [126.971320111537054, 37.941598418144281],
          [126.971273106721796, 37.941587333243653],
          [126.971218416587746, 37.941580825013816],
          [126.971179932105102, 37.941579852490896],
          [126.971127434764469, 37.94158061532903],
          [126.970985331593425, 37.941588322138571],
          [126.970903525512313, 37.941586161308393],
          [126.970846327592369, 37.941580879363592],
          [126.970775229365373, 37.941571773960419],
          [126.970694643580117, 37.94155917321342],
          [126.970625931615345, 37.941542806750427],
          [126.970529810093055, 37.941539600601011],
          [126.970399920399799, 37.941549422195301]
        ]
      }
    },
    {
      "type": "Feature",
      "properties": {
        "PMNTN_SN": 1119,
        "MNTN_CODE": "414800101",
        "MNTN_NM": "감악산",
        "PMNTN_NM": "황방리구간",
        "PMNTN_MAIN": null,
        "PMNTN_LT": 1.18,
        "PMNTN_DFFL": "쉬움",
        "PMNTN_UPPL": 21,
        "PMNTN_GODN": 15,
        "PMNTN_MTRQ": null,
        "PMNTN_CNRL": null,
        "PMNTN_CLS_": null,
        "PMNTN_RISK": null,
        "PMNTN_RECO": null,
        "DATA_STDR_": "2016-12-31",
        "MNTN_ID": "416300101"
      },
      "geometry": {
        "type": "LineString",
        "coordinates": [
          [126.97020388947405, 37.941315511476198],
          [126.970330810592728, 37.941295754842116],
          [126.970410569928561, 37.941283278008321],
          [126.970532542379431, 37.941263987090416],
          [126.970640681797846, 37.941214740895099],
          [126.970776360625308, 37.941156932616721],
          [126.970932175134806, 37.941087604351736],
          [126.970981476110495, 37.94106770037353],
          [126.971025945146778, 37.941051804361351],
          [126.971093513696871, 37.94103264630526],
          [126.971156676489329, 37.941021499176756],
          [126.971196277483045, 37.941017515917743],
          [126.971244491936872, 37.941015069049044],
          [126.971333027075673, 37.941015544724941],
          [126.97140647975948, 37.941021588073973],
          [126.971473977335734, 37.941032676090273],
          [126.971507513571026, 37.941040714280746],
          [126.971561325771901, 37.941060205589643],
          [126.971606806743878, 37.941089748436717],
          [126.971639883390807, 37.941121546028995],
          [126.971670163724582, 37.941156476402718],
          [126.971738359924203, 37.941241935106603],
          [126.971782491507895, 37.94128726560686],
          [126.971818886084975, 37.941311924906834],
          [126.971853983412004, 37.941322669791276],
          [126.97190197189164, 37.941316616142494],
          [126.97195323862455, 37.94129358777267],
          [126.972027359704512, 37.941247862967586],
          [126.97205885807341, 37.941230283231015],
          [126.972090284460876, 37.941216494618089],
          [126.972124042579296, 37.941206738248987],
          [126.972178727521907, 37.941196317422609],
          [126.972238148882028, 37.941190596082727],
          [126.972302541029734, 37.941189549050989],
          [126.972372394296073, 37.941193167425084],
          [126.972445489327086, 37.94120108849814],
          [126.972526071658507, 37.941213552905261],
          [126.972632289645645, 37.941234108244515],
          [126.972712985867474, 37.941252562890071],
          [126.972792614560348, 37.941278484211608],
          [126.972937710245546, 37.941335356078902],
          [126.972996234500371, 37.94135644607919],
          [126.973104727456715, 37.941388066839934],
          [126.973135045045481, 37.94139786426414],
          [126.973256752279212, 37.941437193627472],
          [126.973319149472417, 37.941454355354338],
          [126.973367960477617, 37.94146391005323],
          [126.973407842299295, 37.941467030013591],
          [126.973452266050245, 37.941459227106428],
          [126.973478755596034, 37.941440538606798],
          [126.973493025724849, 37.941412774898716],
          [126.973503815260187, 37.941370794496841],
          [126.973511213098817, 37.941317314652288],
          [126.973517330905423, 37.941261204679293],
          [126.973521153076177, 37.941192139594087],
          [126.973517112778381, 37.941066997424215],
          [126.973517319825589, 37.941019444133453],
          [126.973520752908811, 37.940978939610481],
          [126.97352976212828, 37.94093023149437],
          [126.973539744204615, 37.940899989232456],
          [126.973553991570128, 37.940868725363018],
          [126.973568776796256, 37.94084125366286],
          [126.973618561287182, 37.940758357765652],
          [126.973642418517784, 37.940709817838837],
          [126.973664277701204, 37.940652732958043],
          [126.97370830102777, 37.940518895760988],
          [126.973733832824038, 37.940457185366121],
          [126.973763029889767, 37.940405273490015],
          [126.97379842132996, 37.940359412788574],
          [126.973843474578857, 37.940313177631914],
          [126.973948099689039, 37.940218940136553],
          [126.973991126393585, 37.940176743381542],
          [126.974052648527518, 37.940104676465083],
          [126.97411782276501, 37.940021423363227],
          [126.974181347295797, 37.939931763287035],
          [126.974235241873089, 37.939845343545379],
          [126.974279760366443, 37.939761752478177],
          [126.974315004126325, 37.939680797317379],
          [126.974332193181468, 37.939631967485596],
          [126.974345152661527, 37.939586298122876],
          [126.974352574582113, 37.939546361125736],
          [126.974356658582025, 37.939503731395504],
          [126.974357412854133, 37.939454488949558],
          [126.974354463936734, 37.939399603116556],
          [126.974348918557354, 37.93934281033053],
          [126.97432615311655, 37.939169181845052],
          [126.974321935264015, 37.939115892195296],
          [126.974320792583384, 37.939068398054687],
          [126.974322839122976, 37.939022580355854],
          [126.97432825753026, 37.938979872532258],
          [126.974343532284664, 37.938903617696525],
          [126.974362053174147, 37.938828820383264],
          [126.974390920412446, 37.938734225384493],
          [126.974424854029465, 37.938643912740027],
          [126.97446342824928, 37.938558770679023],
          [126.974514468003733, 37.938460432549412],
          [126.974564268460824, 37.938376275807983],
          [126.974615680044295, 37.938300795433868],
          [126.974669250215868, 37.938233194212252],
          [126.974725233911983, 37.938173156866576],
          [126.974773339908964, 37.938129453630587],
          [126.974827081499768, 37.93808878684375],
          [126.974890064606285, 37.938048365258041],
          [126.974964055082609, 37.938007146847951],
          [126.975052412843183, 37.937963118706385],
          [126.9752758811333, 37.93785806863373],
          [126.975536973010676, 37.937724890537197],
          [126.976006836960067, 37.93749453698004],
          [126.976257931393732, 37.937369050157173],
          [126.976424726864906, 37.937283298073176],
          [126.976585785224046, 37.937197547312834],
          [126.976669342985033, 37.93714938348684],
          [126.976740456747578, 37.937105201995863],
          [126.976797643579104, 37.937067312578044],
          [126.976947302602525, 37.936963656509313],
          [126.977014544933766, 37.936919403819481],
          [126.977090404886965, 37.936872864383425],
          [126.977174005326248, 37.936824221805963],
          [126.977330744902034, 37.936738116013032],
          [126.977677303945569, 37.936555155565408],
          [126.978049658721019, 37.936352690868247],
          [126.978170034654568, 37.936289378132358],
          [126.978290021717939, 37.936228649995627],
          [126.978338051093658, 37.936201950502188],
          [126.97844342663015, 37.936135528283906],
          [126.978648554134693, 37.935995242584845],
          [126.97871230161573, 37.93595339018735],
          [126.978782980649669, 37.93590951279247],
          [126.978844730637988, 37.935874970184123],
          [126.978898683694155, 37.935848977861426],
          [126.978947225641122, 37.935830228098162],
          [126.978990956046204, 37.93581849216956],
          [126.979030185495745, 37.935813689051862],
          [126.979076906196866, 37.935818973269207],
          [126.979115857628003, 37.935835874603079],
          [126.97913711285797, 37.935855006216499]
        ]
      }
    },
    {
      "type": "Feature",
      "properties": {
        "PMNTN_SN": 1120,
        "MNTN_CODE": "414800101",
        "MNTN_NM": "감악산",
        "PMNTN_NM": "설마리구간",
        "PMNTN_MAIN": null,
        "PMNTN_LT": 2.12,
        "PMNTN_DFFL": "쉬움",
        "PMNTN_UPPL": 37,
        "PMNTN_GODN": 26,
        "PMNTN_MTRQ": null,
        "PMNTN_CNRL": null,
        "PMNTN_CLS_": null,
        "PMNTN_RISK": null,
        "PMNTN_RECO": null,
        "DATA_STDR_": "2016-12-31",
        "MNTN_ID": "2140140100"
      },
      "geometry": {
        "type": "LineString",
        "coordinates": [
          [126.958451258099672, 37.943589229044704],
          [126.958448346074633, 37.943590048373437],
          [126.958439632036246, 37.943591807522196],
          [126.958345754470386, 37.943610178803915],
          [126.958303763421824, 37.943619097144349],
          [126.958285920262611, 37.943623297200858],
          [126.958270079110335, 37.943627459524706],
          [126.95825466582501, 37.943632047283536],
          [126.958239830812559, 37.943637225831054],
          [126.958225791450189, 37.943643212140209],
          [126.958212834601483, 37.943650291125863],
          [126.958201879989971, 37.943658130846394],
          [126.958191900452704, 37.94366692317741],
          [126.958182679741455, 37.943676419845019],
          [126.95817407758301, 37.943686441455569],
          [126.958166018827328, 37.943696863435456],
          [126.958158486456966, 37.943707605233755],
          [126.958151518233308, 37.943718622453375],
          [126.958145206644431, 37.943729901490862],
          [126.958139701754646, 37.943741456259012],
          [126.958134947818039, 37.943753815687359],
          [126.958131005904335, 37.94376642058711],
          [126.958127650589731, 37.943779198215765],
          [126.958122070292944, 37.943805073283251],
          [126.958117323803876, 37.943831168450259],
          [126.958104019759205, 37.943909539712593],
          [126.958098813191427, 37.943935311085774],
          [126.958095756033231, 37.943948008219138],
          [126.958092218062063, 37.943960506916568],
          [126.958088006928207, 37.943972728354716],
          [126.958082866983148, 37.943984567604033],
          [126.958076462787318, 37.943995886870347],
          [126.958068317960695, 37.944006822535542],
          [126.958058859578685, 37.944017218085982],
          [126.958048446555566, 37.944027221131819],
          [126.958037350693516, 37.944036943450989],
          [126.958025774986467, 37.944046468520249],
          [126.9580017413099, 37.944065156063971],
          [126.957964696434189, 37.94409277896758],
          [126.957691253576002, 37.944294662045266],
          [126.957654490849308, 37.944322395560846],
          [126.957642618069414, 37.944331784833601],
          [126.957631109139342, 37.944341312186843],
          [126.957620129453815, 37.944351040391112],
          [126.957609903572916, 37.944361054674239],
          [126.95760073221274, 37.944371469170385],
          [126.957593012472827, 37.944382434597934],
          [126.957587059742025, 37.944394088906343],
          [126.957582562562038, 37.944406295569458],
          [126.957579123173431, 37.944418903547991],
          [126.957576440687347, 37.944431798567713],
          [126.957574290750529, 37.944444895399023],
          [126.957570974464275, 37.944471461092981],
          [126.957568336865307, 37.944498282029883],
          [126.95755790539873, 37.944619480293078],
          [126.957554070677887, 37.944659758698052],
          [126.957550913811247, 37.944686433931466],
          [126.957548952489702, 37.944699660378404],
          [126.957546578727914, 37.944712767561001],
          [126.95754361997102, 37.944725705850459],
          [126.957539844622502, 37.944738408597111],
          [126.957534946377052, 37.944750787617913],
          [126.957528736849426, 37.944762668378445],
          [126.957521422047193, 37.944774230602505],
          [126.957513302364447, 37.944785560883325],
          [126.957504605838437, 37.944796724965784],
          [126.957495503223143, 37.944807772090876],
          [126.957476550146197, 37.944829651192968],
          [126.957368780872429, 37.944949002713336],
          [126.957261704359539, 37.945068595833369],
          [126.957231864579114, 37.945100741305517],
          [126.957221617200375, 37.945111245241975],
          [126.957211111619671, 37.945121568232771],
          [126.957200251108745, 37.945131642631623],
          [126.957188810719671, 37.94514153655102],
          [126.95717700743117, 37.945151176384186],
          [126.95716494098329, 37.945160631975661],
          [126.957127824839006, 37.94518835707234],
          [126.956925976362086, 37.945333563477668],
          [126.956799090666323, 37.945424049524462],
          [126.95676152395545, 37.945451409789662],
          [126.956749353614285, 37.945460679162778],
          [126.956737519128112, 37.945470090929263],
          [126.956726173402188, 37.945479709875606],
          [126.956715524204142, 37.945489624033556],
          [126.95670584998966, 37.945499951385216],
          [126.956697518752492, 37.945510847849462],
          [126.956690991631717, 37.945522116903412],
          [126.956685748498543, 37.945533930381849],
          [126.95668144933245, 37.945546144547414],
          [126.956677834811487, 37.945558649892376],
          [126.95667470937893, 37.945571363984826],
          [126.956669377714633, 37.945597188339562],
          [126.956657744376102, 37.94566254773526],
          [126.956652573852963, 37.945688535357974],
          [126.956649583785975, 37.945701380466062],
          [126.95664615545445, 37.945714059468557],
          [126.95664210824107, 37.945726499644714],
          [126.956637201831512, 37.945738603268055],
          [126.956631119867268, 37.945750240423884],
          [126.956624102794891, 37.945760631097393],
          [126.956616003047216, 37.945770564943224],
          [126.956607056183998, 37.945780109589776],
          [126.956597430428204, 37.945789298740983],
          [126.956587234993023, 37.945798132874266],
          [126.956576526174359, 37.94580657849113],
          [126.956565311129339, 37.945814565810416],
          [126.956553549397611, 37.945821984866122],
          [126.956541152325897, 37.945828680063997],
          [126.95652675385341, 37.945835047190847],
          [126.956511682475451, 37.945840594277982],
          [126.956496133577247, 37.945845550824501],
          [126.956480252562287, 37.945850089447895],
          [126.956464146061151, 37.945854338145615],
          [126.956415138133949, 37.945866156068732],
          [126.956234568258878, 37.945907766583382],
          [126.955891317684845, 37.945988478831346],
          [126.955694579584431, 37.946034234416175],
          [126.955661952818545, 37.946042266291762],
          [126.955645784968468, 37.94604651740093],
          [126.955629785894061, 37.946051024877654],
          [126.955614036166139, 37.946055897660763],
          [126.95559864596639, 37.946061281727239],
          [126.955584712444434, 37.946066893580017],
          [126.95557123372798, 37.946073055371514],
          [126.955558262628557, 37.946079747057105],
          [126.955545896640785, 37.946086991266569],
          [126.955534284189369, 37.94609485440359],
          [126.95552363257319, 37.946103449016135],
          [126.955513812398706, 37.946113174586991],
          [126.955504952466583, 37.9461235599532],
          [126.95549676565777, 37.946134355333186],
          [126.955474080105844, 37.946166981207739],
          [126.955466548091422, 37.946177160858362],
          [126.955458745433447, 37.946186518015807],
          [126.95545047815115, 37.94619466878099],
          [126.955441516797649, 37.946201126817456],
          [126.955431581044692, 37.946205273207262],
          [126.955420083462457, 37.946206626912961],
          [126.9554075622342, 37.946205603138871],
          [126.955394325283564, 37.946202942201509],
          [126.955380623578506, 37.946199253131937],
          [126.955352649546271, 37.946190836279548],
          [126.955338747897031, 37.946187062552632],
          [126.955325154091412, 37.946184251234826],
          [126.955312082379393, 37.946182996967352],
          [126.955299786769132, 37.946184019036814],
          [126.955289102349809, 37.946187593255836],
          [126.955279145903447, 37.946193290166534],
          [126.955269729936617, 37.946200569733698],
          [126.955260704757407, 37.946209009447642],
          [126.955251949559369, 37.946218280298027],
          [126.955243364160552, 37.946228125540792],
          [126.955217775503613, 37.946259252815871],
          [126.955209017563533, 37.946269674727397],
          [126.955199977211066, 37.946279899694787],
          [126.955190520984658, 37.946289784453924],
          [126.955180480966376, 37.946299162289449],
          [126.955169644285135, 37.94630783132444],
          [126.955157860048573, 37.946315619005105],
          [126.95514527305599, 37.946322676015726],
          [126.955132085586214, 37.946329175363623],
          [126.955118452203635, 37.946335246271481],
          [126.955104488377557, 37.946340980530692],
          [126.955090277677812, 37.946346437458772],
          [126.955075877524536, 37.946351647346034],
          [126.955061323562617, 37.946356613361147],
          [126.955046632770689, 37.946361311926246],
          [126.955031805431034, 37.94636569159524],
          [126.955016826089434, 37.946369670494853],
          [126.955001663638711, 37.946373132436719],
          [126.954985422040806, 37.94637612749294],
          [126.954968995669219, 37.946378573119617],
          [126.95495243976525, 37.946380625135383],
          [126.954935796148831, 37.946382403791212],
          [126.954852171083246, 37.946389941116628],
          [126.954818879812933, 37.946393466945814],
          [126.95480234877229, 37.946395622300997],
          [126.95478593393625, 37.946398182033796],
          [126.954769647825572, 37.946401239174861],
          [126.95475347839195, 37.94640470445993],
          [126.954737394727189, 37.946408468902845],
          [126.954705396002865, 37.94641658336441],
          [126.954673524926932, 37.946425138370202],
          [126.954466833542085, 37.946482441990455],
          [126.954259591503828, 37.946538977116468],
          [126.954212068187104, 37.946552336622943],
          [126.954180984741598, 37.946561898954265],
          [126.954165812016697, 37.946567085974912],
          [126.95415102562977, 37.946572698679127],
          [126.954136775349781, 37.946578902741102],
          [126.954123257808959, 37.946585915823142],
          [126.954111381658407, 37.946593396084296],
          [126.954100154269057, 37.946601594384148],
          [126.954089399378518, 37.946610317582],
          [126.954078975439003, 37.946619411591122],
          [126.954068766892775, 37.946628751992364],
          [126.954038503806373, 37.946657278598607],
          [126.954028252304226, 37.94666667026069],
          [126.954017765347331, 37.94667585575035],
          [126.954006929664487, 37.946684729570663],
          [126.953995607821184, 37.946693165295365],
          [126.953982761306719, 37.946701644769632],
          [126.953969349819019, 37.946709612504421],
          [126.953955523711187, 37.946717203982445],
          [126.953927056368428, 37.946731645267505],
          [126.953883297385147, 37.946752340350656],
          [126.953765123023928, 37.94680616409056],
          [126.953721013107796, 37.946826537446682],
          [126.953692065643096, 37.946840533963325],
          [126.953677880814425, 37.946847791024005],
          [126.953664003158465, 37.946855322254386],
          [126.953650556734544, 37.946863237495066],
          [126.953637706205527, 37.946871682323547],
          [126.953626355381417, 37.946880165181113],
          [126.953615539319614, 37.946889121521565],
          [126.953605124319282, 37.946898431135381],
          [126.953595010165486, 37.946908002630771],
          [126.953575419647549, 37.946927679984086],
          [126.9535564590186, 37.946947827115643],
          [126.953547203952482, 37.946958038470981],
          [126.953529284388736, 37.946978764416649],
          [126.953520737588249, 37.946989324901196],
          [126.95351258548412, 37.947000068840886],
          [126.953504446374467, 37.947011712936856],
          [126.953496738211072, 37.947023554681877],
          [126.953489341051792, 37.947035538038442],
          [126.953475141189884, 37.947059772353896],
          [126.953461371224833, 37.947084196341912],
          [126.953312066960251, 37.94735373563266],
          [126.953271514493423, 37.947427528909088],
          [126.953217811014895, 37.947526439770073],
          [126.953203916459898, 37.947550705161106],
          [126.953196665885926, 37.947562518468033],
          [126.953189075857736, 37.947573969929202],
          [126.953180994382663, 37.947584893969569],
          [126.953172215701855, 37.947595065806048],
          [126.953162464993838, 37.947604184450114],
          [126.953151380209803, 37.947611852467823],
          [126.953139080769688, 37.947617590585907],
          [126.953125514576911, 37.947621955489673],
          [126.953111013659296, 37.947625315176801],
          [126.953095832921278, 37.947627950491281],
          [126.953080166469348, 37.947630072067277],
          [126.953064161749907, 37.947631834395303],
          [126.953031564803482, 37.947634682927202],
          [126.952982351660395, 37.947637920844684],
          [126.95295017146978, 37.94763926196768],
          [126.952934560191295, 37.947639480435427],
          [126.952919465366051, 37.947639217652124],
          [126.95290509525357, 37.947638273433213],
          [126.952891724636515, 37.947636379216071],
          [126.952879713180565, 37.947633180936478],
          [126.952869526509545, 37.947628218849658],
          [126.952861422875102, 37.947621023735351],
          [126.952855090231409, 37.947612101338954],
          [126.952849935857813, 37.947602018264128],
          [126.952836721770566, 37.947569322788183],
          [126.952831581241554, 37.947558963167197],
          [126.952825268799174, 37.947549586020102],
          [126.952817190915937, 37.947541707625959],
          [126.952806686866325, 37.947535650910318],
          [126.952794266872601, 37.94753123150462],
          [126.952780437874594, 37.947528018483659],
          [126.952765587578327, 37.94752568182809],
          [126.9527500084385, 37.947523972262111],
          [126.952733918158927, 37.947522703972766],
          [126.952700799835185, 37.947520981996306],
          [126.952650067366648, 37.947519331024758],
          [126.952395305548634, 37.947512591725449],
          [126.952344731545864, 37.947510867159878],
          [126.952311521001619, 37.947508993096747],
          [126.95229523440625, 37.947507590361461],
          [126.952279286925645, 37.947505688380218],
          [126.952263815794524, 37.947503082193229],
          [126.952249003455591, 37.947499498818857],
          [126.952235089083345, 37.947494579698734],
          [126.952223145453786, 37.947488556526316],
          [126.952211966575462, 37.947481382890857],
          [126.952201327256319, 37.947473382026551],
          [126.952191039843626, 37.947464817481006],
          [126.952160737068496, 37.947437805723332],
          [126.952150338573347, 37.947428957584115],
          [126.952139529632589, 37.947420483513461],
          [126.952128119691992, 37.947412586066704],
          [126.952115136528704, 37.947404976668381],
          [126.952101446849852, 37.947398062838751],
          [126.952087233940503, 37.947391666076328],
          [126.952072638517336, 37.947385648406929],
          [126.952042699683631, 37.947374354867755],
          [126.952012196550143, 37.947363615612602],
          [126.951919753315622, 37.947332184936784],
          [126.951889055253105, 37.947321537069101],
          [126.951858673589911, 37.947310599396047],
          [126.951828941268644, 37.947299165683233],
          [126.95181449173684, 37.947293167111205],
          [126.951800459311954, 37.947286910457393],
          [126.951786988581787, 37.947280328592825],
          [126.951774264647682, 37.947273342029064],
          [126.95175399255443, 37.947260706627645],
          [126.951743903792845, 37.947254864271528],
          [126.951733296754327, 37.947249929197817],
          [126.951720692879462, 37.947245967340777],
          [126.951707227214882, 37.94724332648795],
          [126.951693141747953, 37.947241720907115],
          [126.951678644742969, 37.947240947393112],
          [126.951663922538927, 37.947240877020953],
          [126.951649151688258, 37.947241449704897],
          [126.951634511490639, 37.94724267194519],
          [126.951620197138809, 37.947244617971236],
          [126.9516064337638, 37.947247434378468],
          [126.951593491651209, 37.947251348251108],
          [126.951581702782448, 37.947256678605896],
          [126.951570943095675, 37.947263994717453],
          [126.951561444310599, 37.94727278595353],
          [126.951552870744678, 37.947282653092032],
          [126.951544965962967, 37.947293292431411],
          [126.951537537917787, 37.947304475962888],
          [126.951530446670844, 37.947316034715264],
          [126.951523594783765, 37.947327845110031],
          [126.951510392316777, 37.947351889984063],
          [126.951497796843995, 37.947376167317024],
          [126.951486162135225, 37.947400463295857],
          [126.951480978063913, 37.947412584066363],
          [126.951476462555377, 37.947424675506994],
          [126.951472886131214, 37.947436730704702],
          [126.951470609129103, 37.947448742409463],
          [126.951470103614639, 37.947460701984966],
          [126.95147180419572, 37.947472842035758],
          [126.951475343861716, 37.94748493204488],
          [126.951480230780177, 37.947496984631989],
          [126.951486091229569, 37.947509009868106],
          [126.951492644305787, 37.94752101569194],
          [126.951499680267247, 37.947533008259711],
          [126.951514611022873, 37.947556970843237],
          [126.951545180481205, 37.947604851412791],
          [126.951552450106121, 37.947616803487882],
          [126.951559326683707, 37.947628736226527],
          [126.951565618058609, 37.947640637225987],
          [126.951571064769084, 37.94765248847304],
          [126.951575317765332, 37.947664264511303],
          [126.951577911672757, 37.94767593010544],
          [126.951578233310499, 37.947687437328284],
          [126.951575812777293, 37.947698651884807],
          [126.951571134151308, 37.94770968184131],
          [126.951564777855936, 37.947720542034759],
          [126.951557174150494, 37.947731227166315],
          [126.951548629537726, 37.947741710036865],
          [126.9515393478367, 37.947751938414171],
          [126.951529445883523, 37.947761830322982],
          [126.951518964115365, 37.947771267567667],
          [126.95150787243179, 37.947780087341563],
          [126.951496071809373, 37.947788071867976],
          [126.951483392245464, 37.947794936214777],
          [126.951469881764154, 37.947800414079168],
          [126.951455641608533, 37.947804942800239],
          [126.95142617110433, 37.947812858766554],
          [126.951411464190983, 37.947817031991995],
          [126.951397111089562, 37.947821879855681],
          [126.951382836897608, 37.947827935125083],
          [126.951369070950378, 37.947834891831967],
          [126.951355689052264, 37.947842519023006],
          [126.95134259383903, 37.947850638141411],
          [126.951329710084565, 37.947859113113324],
          [126.951316980415456, 37.947867841611277],
          [126.951291821409853, 37.947885775583785],
          [126.951266888485549, 37.947904047479945],
          [126.951031527585783, 37.948079127390265],
          [126.950907883258139, 37.948171728170628],
          [126.950882910203418, 37.94819004469521],
          [126.95085748978633, 37.948207838876044],
          [126.95084447387265, 37.948216358686224],
          [126.950831140107681, 37.948224473529919],
          [126.950817367601204, 37.948232017782189],
          [126.950803763912049, 37.948238528394327],
          [126.950789752896199, 37.948244455568549],
          [126.950775435876906, 37.948249879536583],
          [126.950760888493619, 37.948254831844508],
          [126.950746165128052, 37.948259295400938],
          [126.950731302496322, 37.948263202141035],
          [126.950716322407615, 37.948266428108901],
          [126.95070123374208, 37.948268785877929],
          [126.950686033730634, 37.948270014388214],
          [126.950670406069037, 37.94826988755684],
          [126.95065468457517, 37.948268620272252],
          [126.950638896463531, 37.948266520737533],
          [126.950623061825851, 37.948263826726695],
          [126.950591307907857, 37.948257350182708],
          [126.950527690214216, 37.948243353364219],
          [126.950511799526382, 37.948240236149289],
          [126.950495929778057, 37.948237521906634],
          [126.950480093090846, 37.94823539069607],
          [126.950464306062457, 37.948234075215069],
          [126.950448591341271, 37.948233876702211],
          [126.950433325331559, 37.948234998445088],
          [126.95041813847773, 37.948237203289025],
          [126.950403021027981, 37.94824021979781],
          [126.950387973035944, 37.948243845099995],
          [126.950373005489425, 37.948247933908128],
          [126.950358142208657, 37.948252389919922],
          [126.950343422676909, 37.948257159715176],
          [126.950328905984222, 37.948262229153819],
          [126.950314676083423, 37.948267622240849],
          [126.950300848567394, 37.948273402419218],
          [126.95028757916657, 37.948279676252433],
          [126.950275074114742, 37.948286599436727],
          [126.950263602410757, 37.948294385007578],
          [126.950252804201625, 37.948303763202254],
          [126.950243146430054, 37.94831408126619],
          [126.950234314959005, 37.948325075995811],
          [126.950226072525794, 37.948336549488033],
          [126.950218242482251, 37.948348355095575],
          [126.950203336817765, 37.948372564431402],
          [126.950188940241986, 37.94839716511899],
          [126.950082536537579, 37.948582630378297],
          [126.950061062847993, 37.948619658353486],
          [126.950046295669324, 37.948644075331607],
          [126.950038605176132, 37.948656084894729],
          [126.95003057652842, 37.948667867286972],
          [126.950022062482944, 37.948679316682828],
          [126.95001286463787, 37.948690288875405],
          [126.950002719503431, 37.948700590281774],
          [126.949991841130029, 37.948709720296982],
          [126.949980056035358, 37.948718164942974],
          [126.949967583726831, 37.9487260380496],
          [126.949954582434046, 37.948733396773264],
          [126.949941158402652, 37.9487402431905],
          [126.94992737295253, 37.948746523113527],
          [126.949913247269706, 37.94875212191215],
          [126.949898765029175, 37.948756857260896],
          [126.949883873036697, 37.948760468898989],
          [126.949868503414706, 37.948762746694911],
          [126.949852767434294, 37.94876392967462],
          [126.949836768185847, 37.948764314469955],
          [126.949820582732869, 37.94876412757997],
          [126.94978786455205, 37.948762682108388],
          [126.949705288007664, 37.948757097844336],
          [126.949672188573174, 37.948755297613012],
          [126.949655647505793, 37.948754722755389],
          [126.94963912148657, 37.948754478543101],
          [126.949622621143149, 37.948754680408044],
          [126.94960616181541, 37.948755476226154],
          [126.949589408290237, 37.948757020102789],
          [126.949572705404563, 37.948759161478669],
          [126.949556048594545, 37.948761722075631],
          [126.949539445428385, 37.94876455153593],
          [126.949490283084927, 37.948773312128168],
          [126.949474340153301, 37.948775840569269],
          [126.949458822377693, 37.948777863938567],
          [126.949443929160964, 37.948779120247195],
          [126.949429934402815, 37.948779267315402],
          [126.949417208161577, 37.948777856997147],
          [126.949406242851623, 37.948774305333401],
          [126.949397586627541, 37.948768266746306],
          [126.949390740412213, 37.948760164393562],
          [126.949385342846043, 37.948750575659865],
          [126.949381171392091, 37.948739953162836],
          [126.949378131602472, 37.948728654116984],
          [126.949376252564306, 37.948716966198063],
          [126.949375688864166, 37.948705130112906],
          [126.949376729087646, 37.948693359334577],
          [126.949379810527574, 37.9486818575174],
          [126.94938543808118, 37.9486705397048],
          [126.949393096239348, 37.948659611337156],
          [126.949402220094072, 37.948648981841963],
          [126.949412378707152, 37.948638577652851],
          [126.949423242892038, 37.948628339131709],
          [126.949434557151832, 37.948618217417383],
          [126.949469252612602, 37.94858816230014],
          [126.949480474040328, 37.948578129040364],
          [126.949491182016089, 37.948568024915417],
          [126.949501099160003, 37.948557802703597],
          [126.949509864506425, 37.948547404179962],
          [126.949517003118288, 37.948536756144016],
          [126.949521890875914, 37.948525766095472],
          [126.949523825435634, 37.948516236608569],
          [126.949523957366637, 37.948506507393766],
          [126.949522529148567, 37.948496691284831],
          [126.949519685913657, 37.948486896689502],
          [126.949515481735247, 37.948477232409218],
          [126.949508987186135, 37.948466319034111],
          [126.949501129431681, 37.948455657051944],
          [126.949492292098881, 37.948445185855782],
          [126.949482762274542, 37.948434857882127],
          [126.949472751855694, 37.948424636354432],
          [126.94945186212432, 37.948404407349585],
          [126.949354759754016, 37.948314548010984],
          [126.949333722731183, 37.948294537369051],
          [126.949323511974683, 37.948284472751546],
          [126.949313635020459, 37.948274341146842],
          [126.949304235729514, 37.948264112165766],
          [126.949295510153974, 37.948253744576299],
          [126.949287721702717, 37.94824318311413],
          [126.949281219463913, 37.94823235462966],
          [126.949276459759488, 37.948221163554031],
          [126.94927378738798, 37.948209378464846],
          [126.949272892286331, 37.948197223129498],
          [126.949273296501687, 37.948184797093148],
          [126.949274631457953, 37.948172176799034],
          [126.949276613232826, 37.948159420641083],
          [126.949279020876062, 37.948146573339464],
          [126.94928715136939, 37.948107801751704],
          [126.949291896660824, 37.948082009844896],
          [126.949293578619475, 37.948069205193093],
          [126.949294499725397, 37.948056503860933],
          [126.949294355162138, 37.948043947876393],
          [126.949292751889629, 37.948031590933923],
          [126.949289263538887, 37.948019159663254],
          [126.94928424733645, 37.94800693708082],
          [126.949278119238343, 37.947994866694003],
          [126.949271194540856, 37.947982905617401],
          [126.949263708931795, 37.947971021742681],
          [126.949247702803717, 37.947947397156362],
          [126.949230989662738, 37.947923871315574],
          [126.949129273225182, 37.947782936237559],
          [126.948902361188473, 37.947465504544013],
          [126.948885647511048, 37.947441885343331],
          [126.948869243670742, 37.947418134223291],
          [126.948853524278547, 37.947394133109007],
          [126.948846781427946, 37.94738313776184],
          [126.948834077845817, 37.947360945727141],
          [126.948822573692667, 37.947338567204071],
          [126.948817429489523, 37.947327329799322],
          [126.948812838961757, 37.947316069561438],
          [126.948808963368876, 37.94730479357456],
          [126.948806012632119, 37.947293510323512],
          [126.948804253679157, 37.947282231017802],
          [126.948803861288553, 37.947270156040176],
          [126.948805314953944, 37.947246357277329],
          [126.948805730711783, 37.947234817166091],
          [126.948804946554716, 37.947223681343381],
          [126.94880211390776, 37.94721311806768],
          [126.948796496339057, 37.947203176513135],
          [126.948788554343992, 37.947193841364374],
          [126.948778890036749, 37.947184968936511],
          [126.948767961786729, 37.947176462680787],
          [126.948756110969185, 37.94716826869508],
          [126.948743584499908, 37.947160373550226],
          [126.948730552934833, 37.947152804680108],
          [126.948717124296138, 37.947145633536664],
          [126.948703353961392, 37.947138981702871],
          [126.948689251012169, 37.947133030142297],
          [126.948674781450194, 37.947128031706086],
          [126.948659868697121, 37.947124326860369],
          [126.948644468842033, 37.947122194503322],
          [126.948628663229343, 37.947121344566547],
          [126.948612570260508, 37.947121428499166],
          [126.948596278093461, 37.947122181796288],
          [126.948579851384281, 37.94712340650171],
          [126.948563336797946, 37.947124956502741],
          [126.948513548643362, 37.947130638656077],
          [126.948297580961366, 37.947157709654299],
          [126.948230915397744, 37.947165743792432],
          [126.94819748159388, 37.947169232991406],
          [126.948180749086347, 37.947170654668255],
          [126.94816401962197, 37.947171726993218],
          [126.948147311929247, 37.947172304245427],
          [126.948131213776463, 37.947172261803864],
          [126.948115210127185, 37.947171661473519],
          [126.94809936570843, 37.947170536829496],
          [126.948083769390593, 37.947168868536878],
          [126.948068542260003, 37.947166580803973],
          [126.948053847708962, 37.947163535063012],
          [126.94803990385148, 37.947159520670894],
          [126.948026998500893, 37.947154242609116],
          [126.948016281670192, 37.94714805383822],
          [126.948006597750137, 37.947140771138976],
          [126.94799785917408, 37.947132629081239],
          [126.947990050183861, 37.947123800510617],
          [126.947983227501311, 37.947114405150352],
          [126.947977523427383, 37.947104516489837],
          [126.947973151365687, 37.94709416698435],
          [126.9479700340611, 37.947082085303194],
          [126.947968424535887, 37.947069589016252],
          [126.947967912213514, 37.94705680310161],
          [126.947968186821939, 37.9470438192076],
          [126.947969016776227, 37.947030703625252],
          [126.947970231014835, 37.947017503719145],
          [126.947973343367863, 37.946990975622704],
          [126.947981962387857, 37.946924732597957],
          [126.947984559223144, 37.946898633327116],
          [126.947985327068764, 37.946885796301537],
          [126.947985528509378, 37.946873182787144],
          [126.947984932257171, 37.946860882503152],
          [126.947983228357757, 37.946849016073358],
          [126.947980006333324, 37.946837743469338],
          [126.947974729649545, 37.946827273866162],
          [126.947966878399825, 37.946817674020217],
          [126.947956975686651, 37.946808857418368],
          [126.947945619826811, 37.946800570880789],
          [126.947933290733189, 37.946792604677384],
          [126.94789418740686, 37.946768879448527],
          [126.947881542740518, 37.946760468303729],
          [126.947869667706044, 37.946751492054027],
          [126.947858699337786, 37.946741635165026],
          [126.94784877589899, 37.94673119261838],
          [126.947839810781446, 37.946720366526598],
          [126.947831820458489, 37.946709333157841],
          [126.947824933879701, 37.946698255716264],
          [126.947819408150679, 37.946687297300564],
          [126.947815651521921, 37.946676634234045],
          [126.947814254366946, 37.946666470032163],
          [126.947816028296742, 37.946657050209282],
          [126.947821343113816, 37.946648896494871],
          [126.947829574713978, 37.946641468662072],
          [126.947839951779841, 37.946634580699978],
          [126.94785188494221, 37.946628089409465],
          [126.947864929364357, 37.946621885748762],
          [126.947878752938337, 37.946615887308333],
          [126.947893109840052, 37.946610031893847],
          [126.947982823001979, 37.946575735385188],
          [126.948011977701782, 37.946563788480894],
          [126.948025969956348, 37.946557480599033],
          [126.948039347369516, 37.946550818739595],
          [126.948051870606463, 37.94654366315217],
          [126.948063222847509, 37.946535829390037],
          [126.948072989069814, 37.946527076795704],
          [126.948081098597811, 37.946516817331073],
          [126.948087520970233, 37.946505579137671],
          [126.94809271447609, 37.946493628300196],
          [126.948097020218782, 37.946481167126812],
          [126.948100683421444, 37.946468348090413],
          [126.948103870163706, 37.946455285765815],
          [126.948106679428264, 37.946442066893646],
          [126.948109150518604, 37.946428758856698],
          [126.948111265941364, 37.946415416921653],
          [126.948112949793043, 37.946402090623323],
          [126.948114061607455, 37.946388829662588],
          [126.948114385553822, 37.946375689676252],
          [126.948113614869044, 37.946362738205998],
          [126.948111331533013, 37.946350061154398],
          [126.94810754601869, 37.946338638806736],
          [126.948102375942199, 37.946327515426738],
          [126.948096101496859, 37.946316684645481],
          [126.948088909636795, 37.946306166717235],
          [126.948080903659886, 37.94629601104328],
          [126.948072109444766, 37.946286299975853],
          [126.948062478292925, 37.946277154004733],
          [126.948051886548214, 37.94626873832626],
          [126.948039503657341, 37.94626075968597],
          [126.94802616958043, 37.946253569836529],
          [126.948012154042274, 37.946246955993423],
          [126.947997659003136, 37.946240756712356],
          [126.947967786261486, 37.9462291500029],
          [126.947937314717365, 37.946218118307868],
          [126.947830060567512, 37.946180381687668],
          [126.947799813628706, 37.946169249406395],
          [126.947784875550198, 37.946163488233843],
          [126.947770127168013, 37.946157522336975],
          [126.947755640866291, 37.946151270550686],
          [126.947741513670636, 37.946144624536558],
          [126.947727873691633, 37.946137441655445],
          [126.947714881476671, 37.946129643220559],
          [126.94770236945665, 37.946121313973819],
          [126.947690207749773, 37.946112596803658],
          [126.947666562785457, 37.946094407985363],
          [126.947631932506766, 37.946066181533162],
          [126.947563429480581, 37.9460088921658],
          [126.947529633671564, 37.945980006965534],
          [126.947507785342879, 37.945960398248779],
          [126.947497273662023, 37.945950376564767],
          [126.947487187505359, 37.945940129079816],
          [126.94747768460708, 37.945929571108337],
          [126.947468723624084, 37.945918412672931],
          [126.947460366692837, 37.945906932198511],
          [126.947452448557897, 37.94589521792625],
          [126.947437459623316, 37.945871338341419],
          [126.947423094354448, 37.945847127339782],
          [126.947310820293893, 37.94565204962614],
          [126.946929980470372, 37.944994715170296],
          [126.946824549652092, 37.9448119464409],
          [126.94680323384722, 37.944775487540355],
          [126.946788600267979, 37.944751369792435],
          [126.946773187408539, 37.94472760240464],
          [126.946764981160001, 37.944715944499492],
          [126.946756429961823, 37.944704621673672],
          [126.946747520646909, 37.944693459687912],
          [126.946728999806098, 37.944671444858443],
          [126.946690683780304, 37.944627934768192],
          [126.946632446822449, 37.944563032632026],
          [126.946612696641523, 37.944541831208291],
          [126.946602617460897, 37.944531491953967],
          [126.94659231046252, 37.944521441451002],
          [126.94658167465262, 37.944511805386163],
          [126.946570574111107, 37.944502752763775],
          [126.946558828335469, 37.94449450787188],
          [126.946546200821288, 37.944487364388714],
          [126.946532758167365, 37.944481650559936],
          [126.946518468864937, 37.944476988084709],
          [126.9465035678856, 37.944473078221428],
          [126.946488240833077, 37.944469681892421],
          [126.946425315421919, 37.944457669457805],
          [126.94640971655555, 37.94445427875506],
          [126.94639438727134, 37.944450391322363],
          [126.946379461471238, 37.944445784981909],
          [126.946364563381536, 37.9444400803566],
          [126.946350124680379, 37.944433581572511],
          [126.94633603739139, 37.944426492310448],
          [126.946322227587444, 37.944418962808321],
          [126.946308652220424, 37.944411098540556],
          [126.946295297543045, 37.944402966928209],
          [126.946282179350121, 37.944394601949689],
          [126.9462693452205, 37.944386006634495],
          [126.946256878923961, 37.944377153465403],
          [126.946244907143779, 37.944367982732743],
          [126.946233608621057, 37.944358398901777],
          [126.946223225706689, 37.944348265112588],
          [126.946214114419064, 37.944337668679083],
          [126.946205884204502, 37.944326550116614],
          [126.946198296408639, 37.944315052727731],
          [126.946191169805019, 37.944303284928189],
          [126.946177792792966, 37.944279240174794],
          [126.946165045684978, 37.944254834945667],
          [126.946072148559722, 37.944070330489311],
          [126.946059644461457, 37.944045816730167],
          [126.946046799787979, 37.94402154528423],
          [126.946040120782229, 37.944009591818251],
          [126.946033158450817, 37.943997839255431],
          [126.946025788963667, 37.943986375128475],
          [126.946017845239524, 37.943975317465984],
          [126.946009104869319, 37.943964823291054],
          [126.945999275819474, 37.943955098675005],
          [126.945988284430783, 37.943946425144297],
          [126.945976231768739, 37.94393850124645],
          [126.945963401797798, 37.943931125888156],
          [126.945950013266668, 37.943924143563621],
          [126.945936233756086, 37.94391743425718],
          [126.94592219183447, 37.943910904618228],
          [126.945865146629018, 37.943885246058194],
          [126.945837045886108, 37.943871879191178],
          [126.945823351334852, 37.943864819595156],
          [126.945810023683592, 37.943857375896016],
          [126.945796738885633, 37.943849204424033],
          [126.945783846457104, 37.943840623951672],
          [126.945771242432244, 37.943831743999141],
          [126.945758847435599, 37.943822647942596],
          [126.945722392078935, 37.943794611755315],
          [126.945662511267443, 37.943747003692714],
          [126.945471482036055, 37.943594058091499],
          [126.945447463156569, 37.943575066185311],
          [126.945423144260204, 37.943556388688449],
          [126.945410772878617, 37.943547276221921],
          [126.94539817644943, 37.943538406476755],
          [126.945385264791526, 37.943529878802735],
          [126.945371918701952, 37.943521824960129],
          [126.945358688034318, 37.943514682992578],
          [126.945345056519812, 37.94350797790765],
          [126.945331129660431, 37.943501593147957],
          [126.94531698826475, 37.943495440763137],
          [126.945288289817057, 37.943483596616367],
          [126.945244707122427, 37.943466575398276],
          [126.945215476653019, 37.943455791678183],
          [126.945200816581249, 37.943450695762102],
          [126.945186117429046, 37.943445910010077],
          [126.945171365271904, 37.943441561276913],
          [126.945156539693059, 37.943437820704659],
          [126.945141612626315, 37.943434914926179],
          [126.945126546849181, 37.943433139373255],
          [126.945111399890678, 37.943432729904558],
          [126.945096115306626, 37.943433437810377],
          [126.945080729697338, 37.94343496927295],
          [126.945065271121067, 37.943437095661842],
          [126.945049760833797, 37.943439639200697],
          [126.94503421476729, 37.943442460325684],
          [126.944971867604281, 37.943454478373276],
          [126.944956269390488, 37.943457215605093],
          [126.944940673898685, 37.943459641930886],
          [126.944925083777875, 37.94346161892846],
          [126.944909501631699, 37.943462971738541],
          [126.944893930280131, 37.943463477804684],
          [126.944878011626955, 37.943462936583877],
          [126.944862104467305, 37.943461511633032],
          [126.944846206208865, 37.943459435050833],
          [126.944830314805785, 37.943456884626137],
          [126.944798546563419, 37.943450865739024],
          [126.944750916256879, 37.943440686520219],
          [126.944623942403538, 37.943412236336179],
          [126.944576295004936, 37.943401786840688],
          [126.94452853967617, 37.943391958360195],
          [126.944496556370723, 37.943386235062356],
          [126.944480485109111, 37.943383827767697],
          [126.944464336194329, 37.943381867506673],
          [126.944447828294528, 37.943380425020202],
          [126.944431244857753, 37.943379428800625],
          [126.944397950134984, 37.943378257291819],
          [126.944348017482852, 37.943377054499415],
          [126.944331474564962, 37.943376428350874],
          [126.944315038563829, 37.943375505943678],
          [126.944298757542953, 37.943374140454367],
          [126.944282693826537, 37.943372145660625],
          [126.944266928050709, 37.943369283554595],
          [126.944251549769106, 37.943365372667472],
          [126.944236465032233, 37.943360603904807],
          [126.944221589433482, 37.943355222356537],
          [126.944206855591986, 37.943349423981118],
          [126.944148331578077, 37.94332500118778],
          [126.944133579533272, 37.943319246701229],
          [126.944118678457869, 37.943313930995721],
          [126.94410356106998, 37.94330925477594],
          [126.944088143227575, 37.943305469744786],
          [126.94407268335938, 37.943302821458197],
          [126.944056931943919, 37.943301040857897],
          [126.944040967453532, 37.943299896801278],
          [126.944024853030356, 37.943299206175716],
          [126.944008640823185, 37.943298821835626],
          [126.943959860351598, 37.943298345492295],
          [126.943927686944946, 37.943297507021263],
          [126.943911889939216, 37.943296541155142],
          [126.943896409431787, 37.943294964450054],
          [126.943881373846978, 37.943292524363152],
          [126.943866951083592, 37.943288892710932],
          [126.943853171991947, 37.943283754642302],
          [126.943840023681688, 37.943277388353827],
          [126.943827340835938, 37.943270114888158],
          [126.943814996850222, 37.943262180277749],
          [126.943802895974457, 37.943253770728518],
          [126.943779156066938, 37.943236047483644],
          [126.94375574774709, 37.94321767263785],
          [126.943638827675471, 37.943123642442771],
          [126.943581246502589, 37.943077702278977]
        ]
      }
    },
    {
      "type": "Feature",
      "properties": {
        "PMNTN_SN": 1121,
        "MNTN_CODE": "414800101",
        "MNTN_NM": "감악산",
        "PMNTN_NM": null,
        "PMNTN_MAIN": null,
        "PMNTN_LT": 0.12,
        "PMNTN_DFFL": "쉬움",
        "PMNTN_UPPL": 2,
        "PMNTN_GODN": 1,
        "PMNTN_MTRQ": null,
        "PMNTN_CNRL": null,
        "PMNTN_CLS_": null,
        "PMNTN_RISK": null,
        "PMNTN_RECO": null,
        "DATA_STDR_": "2016-12-31",
        "MNTN_ID": "2140140100"
      },
      "geometry": {
        "type": "LineString",
        "coordinates": [
          [126.956575123850968, 37.942459643918532],
          [126.956577888299989, 37.942458876189853],
          [126.956632266193168, 37.942446855405088],
          [126.956672995186509, 37.942437575780701],
          [126.956713320458178, 37.942427793653266],
          [126.956731106331787, 37.942423086098493],
          [126.956746532637979, 37.942418591640553],
          [126.956761357028668, 37.942413796425335],
          [126.956775819914498, 37.942408495640869],
          [126.956789803297568, 37.942402524610877],
          [126.956803466795407, 37.942395622523485],
          [126.956816658677653, 37.942388059953295],
          [126.956829515590883, 37.942380026462246],
          [126.956854596289773, 37.942363061692973],
          [126.956891440073804, 37.942336484964812],
          [126.956976638907832, 37.942273453980356],
          [126.95700107371367, 37.942255974665635],
          [126.957013352395364, 37.942247546829648],
          [126.957025697020853, 37.942239455947281],
          [126.957038135415686, 37.942231843485182],
          [126.957050705398558, 37.942224899700477],
          [126.957063457715236, 37.942218877318886],
          [126.957076459560568, 37.942214107761266],
          [126.957089798688813, 37.942211019727814],
          [126.957102604708609, 37.942209932107538],
          [126.9571156917509, 37.942210109257481],
          [126.957142353131857, 37.94221190671999],
          [126.957155778203727, 37.942212422227819],
          [126.957169177010655, 37.942211928747511],
          [126.957183553824436, 37.942209766949055],
          [126.957197848744045, 37.942206164912065],
          [126.957212082275433, 37.942201489190118],
          [126.957226270863728, 37.942196023986718],
          [126.957240427114897, 37.942189986369456],
          [126.957254559944843, 37.942183539597295],
          [126.957268674555579, 37.942176804283299],
          [126.957296849316151, 37.942162789241721],
          [126.957324898571429, 37.942148346226602],
          [126.957352646470596, 37.942133579371628],
          [126.957379700490989, 37.942118332353118],
          [126.957392745473427, 37.942110397436515],
          [126.957405280136143, 37.942102134183784],
          [126.95741709865456, 37.942093408534426],
          [126.957427925695299, 37.942084040217225],
          [126.957437649178516, 37.942073742573193],
          [126.957446341906106, 37.942062776149051],
          [126.957454282210406, 37.942051323088592],
          [126.957461684943439, 37.942039524264558],
          [126.957475508361142, 37.942015306082432],
          [126.957495490434894, 37.941978589629933],
          [126.957502363885752, 37.941966547545974],
          [126.957509970790468, 37.941954527472788],
          [126.957520047640472, 37.941941928232033],
          [126.957532573836829, 37.941929463862969],
          [126.957547292064959, 37.941917961224576],
          [126.957562488372872, 37.941908706156212],
          [126.957578204140475, 37.94190089846181],
          [126.957593382531996, 37.941894516941041],
          [126.957606987916961, 37.941889557274315],
          [126.957618001059828, 37.941886027970334],
          [126.957628220152827, 37.941883327633413]
        ]
      }
    },
    {
      "type": "Feature",
      "properties": {
        "PMNTN_SN": 1122,
        "MNTN_CODE": "414800101",
        "MNTN_NM": "감악산",
        "PMNTN_NM": null,
        "PMNTN_MAIN": null,
        "PMNTN_LT": 1.06,
        "PMNTN_DFFL": "쉬움",
        "PMNTN_UPPL": 19,
        "PMNTN_GODN": 13,
        "PMNTN_MTRQ": null,
        "PMNTN_CNRL": null,
        "PMNTN_CLS_": null,
        "PMNTN_RISK": null,
        "PMNTN_RECO": null,
        "DATA_STDR_": "2016-12-31",
        "MNTN_ID": "2140140100"
      },
      "geometry": {
        "type": "LineString",
        "coordinates": [
          [126.9693355674478, 37.94014517720089],
          [126.969333048151128, 37.940146271871775],
          [126.969281755255807, 37.940164653253831],
          [126.969243413738894, 37.940178730758809],
          [126.969205678824267, 37.940193316834254],
          [126.969189193660839, 37.940200177051743],
          [126.969175140878605, 37.940206545289207],
          [126.969161965147848, 37.940213132280512],
          [126.969149461523017, 37.940220200661301],
          [126.969137850990577, 37.940227908849153],
          [126.969127417200099, 37.940236460235589],
          [126.969118035755272, 37.940246395897354],
          [126.969109795261389, 37.940257152396924],
          [126.969102284438279, 37.940268438378467],
          [126.969080979622817, 37.940303260172541],
          [126.969073355109586, 37.940314541582225],
          [126.969064971471965, 37.94032531825323],
          [126.969055459572516, 37.940335338184369],
          [126.96904497311651, 37.940344071030808],
          [126.96903339567757, 37.940352067454633],
          [126.969021011875014, 37.940359516803788],
          [126.969008037809104, 37.940366560490723],
          [126.968994634795777, 37.9403733005473],
          [126.968966978640083, 37.940386119201349],
          [126.968938610237245, 37.940398208957774],
          [126.968924229734583, 37.940403947652172],
          [126.968909718303266, 37.940409414737218],
          [126.968895054450456, 37.940414523410688],
          [126.968880199141992, 37.940419151953016],
          [126.968865094324514, 37.940423136968313],
          [126.968849551690312, 37.940426372003351],
          [126.968833762468961, 37.940428957798666],
          [126.968817794278692, 37.940431066629237],
          [126.968801698190617, 37.940432829722383],
          [126.968769264649694, 37.940435688453739],
          [126.968638726889083, 37.940444635525061],
          [126.96860627931072, 37.940447277359326],
          [126.968590160858852, 37.940448854344339],
          [126.968574152115394, 37.940450699792898],
          [126.968558295590924, 37.940452918650394],
          [126.968542647637108, 37.940455649858428],
          [126.968527281984279, 37.940459075073548],
          [126.96851176414529, 37.940463495143796],
          [126.96849654411713, 37.940468647652303],
          [126.968481540882522, 37.940474333320786],
          [126.968466692986837, 37.940480400990538],
          [126.968437291351734, 37.940493259618258],
          [126.968393540797976, 37.9405134125454],
          [126.968277199273629, 37.940567953168802],
          [126.968015252475723, 37.940690190028853],
          [126.967986040363087, 37.940703560289208],
          [126.967956630206572, 37.940716526616541],
          [126.96794178918509, 37.940722730739047],
          [126.967926806236775, 37.940728642468045],
          [126.967911626639093, 37.940734148128506],
          [126.967896178563436, 37.940739098301492],
          [126.967880448600837, 37.940743361261035],
          [126.967864452152398, 37.940747072458734],
          [126.967848261788177, 37.940750382127895],
          [126.967831934313949, 37.940753406858128],
          [126.967749632005365, 37.94076697639418],
          [126.967717097536053, 37.94077289074152],
          [126.967701123455711, 37.94077628190545],
          [126.967685463966689, 37.940780141657335],
          [126.967670244589883, 37.940784657531864],
          [126.967655629739198, 37.940790074576839],
          [126.967641596398309, 37.940796671688062],
          [126.967628180192719, 37.940804189352988],
          [126.967615212679462, 37.940812377257309],
          [126.967602566469822, 37.940821046136541],
          [126.96759014660428, 37.940830054982051],
          [126.967577883303903, 37.94083930028242],
          [126.967553638823603, 37.940858222641147],
          [126.967445584594742, 37.940945182034262],
          [126.967409305792216, 37.940973749889068],
          [126.967384723329587, 37.940991987861636],
          [126.967372192845616, 37.941000598839743],
          [126.967359411992589, 37.941008668458629],
          [126.967346282538784, 37.941015976172785],
          [126.967332674157831, 37.941022227808894],
          [126.967318416398598, 37.941027036526208],
          [126.967304139675761, 37.941029980441982],
          [126.967289294728118, 37.94103163083345],
          [126.967274061237916, 37.941032359419438],
          [126.96725859359691, 37.941032469941042],
          [126.967212185028828, 37.94103153476825],
          [126.967197212442002, 37.941031549693321],
          [126.967182797580278, 37.941032135857093],
          [126.967169191590855, 37.941033599414432],
          [126.96715671235134, 37.941036317606368],
          [126.96714576350783, 37.941040762822347],
          [126.967136995285472, 37.941047003303055],
          [126.967129607413128, 37.941054847011067],
          [126.967123190025717, 37.941063866367095],
          [126.967117398914084, 37.941073716772777],
          [126.967100907244188, 37.941105662410806],
          [126.96709480279516, 37.941116415900133],
          [126.967087910249077, 37.941126910855871],
          [126.967079704245407, 37.941137346537971],
          [126.967070572265072, 37.941147407080763],
          [126.967060742939836, 37.941157178795663],
          [126.967050393644513, 37.941166729692576],
          [126.967028640218729, 37.941185361462061],
          [126.967017407779252, 37.941194503379123],
          [126.966994473101721, 37.941212494176462],
          [126.96697100169979, 37.941230007699822],
          [126.966959031045263, 37.941238490814676],
          [126.966946848232666, 37.941246698114625],
          [126.966934384351916, 37.941254523630136],
          [126.966921544234481, 37.941261824015406],
          [126.966908201496622, 37.94126840949626],
          [126.966894133747431, 37.941274167865743],
          [126.966879568027991, 37.941279175877476],
          [126.966864647829297, 37.941283598991006],
          [126.966849488886922, 37.941287547186647],
          [126.966834187000927, 37.941291079886838],
          [126.966818825283738, 37.941294208346712],
          [126.966803480968125, 37.941296895279343],
          [126.966788231974562, 37.941299051538039],
          [126.966773163463898, 37.941300529709018],
          [126.966758374593965, 37.941301114506892],
          [126.966743985654773, 37.941300509959639],
          [126.966730145668024, 37.941298323569512],
          [126.966717259698939, 37.941294361209764],
          [126.966704888170284, 37.941288950632149],
          [126.966692876356106, 37.941282542518216],
          [126.966681093884858, 37.941275516404836],
          [126.966657769503072, 37.941260918231933],
          [126.966646017914343, 37.941253964749677],
          [126.966634061337388, 37.941247675731624],
          [126.966621775253344, 37.941242427075494],
          [126.966609013528696, 37.941238662868479],
          [126.966594865137722, 37.941236652709307],
          [126.96658017388998, 37.941236231061779],
          [126.96656508880271, 37.941236834472001],
          [126.966534193959362, 37.941239236026881],
          [126.966518567489487, 37.941240189872019],
          [126.966502929243092, 37.941240423870788],
          [126.966487315793273, 37.941239638363939],
          [126.966471853187713, 37.941238103994181],
          [126.96644180539684, 37.941234356562688],
          [126.966427512797452, 37.941232933309287],
          [126.966413980104704, 37.941232396719087],
          [126.966401491065966, 37.94123327759818],
          [126.966390413113587, 37.9412362199743],
          [126.966381471521487, 37.941241371563862],
          [126.966373702760094, 37.941248353659475],
          [126.966366663090412, 37.94125654908364],
          [126.966353204447685, 37.94127448840598],
          [126.966346029326289, 37.941283276153513],
          [126.966338019462313, 37.941291300576466],
          [126.966328707346051, 37.941298029147205],
          [126.966316920518381, 37.941303329130157],
          [126.966303556623942, 37.941306998758186],
          [126.966289034006749, 37.94130946435935],
          [126.966273672399581, 37.941311053135053],
          [126.966257712748487, 37.941312012650776],
          [126.966241334199694, 37.941312527703516],
          [126.966207809763347, 37.941312731622077],
          [126.966173766490854, 37.941312359635312],
          [126.965968391634803, 37.941308440996963],
          [126.965934228770607, 37.941307934517816],
          [126.96590011026845, 37.941307715261338],
          [126.965866105146063, 37.941308144729071],
          [126.965849188291898, 37.941308800890077],
          [126.965832460287913, 37.941309874982629],
          [126.965815856329471, 37.941311374864519],
          [126.965799420678508, 37.941313316027014],
          [126.965783216707095, 37.941315760529555],
          [126.965767331994002, 37.941318822582353],
          [126.965751884594752, 37.941322676590296],
          [126.965737030487887, 37.941327567643313],
          [126.965722929083626, 37.941333672850853],
          [126.9657093974117, 37.94134075588385],
          [126.965696256808315, 37.941348511849782],
          [126.965644912390729, 37.941381724433633],
          [126.96563178157912, 37.941389578443868],
          [126.965618266116266, 37.94139681352619],
          [126.965604190069271, 37.941403140598105],
          [126.965589468680989, 37.94140831012723],
          [126.965574171726104, 37.94141253488592],
          [126.965558452419032, 37.941416052355876],
          [126.965542428338495, 37.941419036778406],
          [126.965526188828321, 37.941421609005381],
          [126.965509801366721, 37.941423844019575],
          [126.965493316913907, 37.941425775969151],
          [126.965476774339692, 37.941427400686543],
          [126.965460204072585, 37.941428675718903],
          [126.965443631120991, 37.941429517922273],
          [126.965427077608126, 37.94142979870918],
          [126.965410564940512, 37.941429337125527],
          [126.965394747861708, 37.941428054701198],
          [126.965378974824858, 37.941426103134873],
          [126.965363233457722, 37.941423673658022],
          [126.965347513191801, 37.941420920389383],
          [126.965284673773297, 37.941409030283744],
          [126.965268937646385, 37.941406381450484],
          [126.96525317700987, 37.941404112540532],
          [126.965237384655453, 37.941402392908337],
          [126.965221553158742, 37.941401434591725],
          [126.965205578043694, 37.941401410216699],
          [126.965189569842963, 37.941402171456325],
          [126.965173544640948, 37.941403521724695],
          [126.9651575225231, 37.941405314190078],
          [126.965141530191019, 37.941407443764405],
          [126.965109795835957, 37.941412466679324],
          [126.965094175515119, 37.941415311043421],
          [126.965078841008236, 37.941418391094146],
          [126.965063925876223, 37.94142175250645],
          [126.965049610904941, 37.941425472215947],
          [126.965036138144271, 37.9414296629825],
          [126.965023828011667, 37.941434479697882],
          [126.965013099654712, 37.941440127294619],
          [126.965004494447484, 37.941446869916184],
          [126.964998234118113, 37.941455191611666],
          [126.96499404915437, 37.94146438690251],
          [126.964991138684525, 37.941473842866081],
          [126.964988801120683, 37.94148295492564],
          [126.964986383817717, 37.941491083041377],
          [126.964983233948701, 37.941497506017654],
          [126.964978650222662, 37.941501373933164],
          [126.964972590702615, 37.941502099118146],
          [126.964965024607451, 37.94150065153103],
          [126.96493620470423, 37.9414909032051],
          [126.964925164540148, 37.941488131788873],
          [126.964913561373578, 37.941486751949448],
          [126.964900443338564, 37.94148744017177],
          [126.964886871885838, 37.9414900424294],
          [126.964872984647513, 37.941494065324576],
          [126.964858882084613, 37.941499127346169],
          [126.96484463605519, 37.941504936724009],
          [126.964830296515174, 37.941511271776541],
          [126.964815896602332, 37.941517963986854],
          [126.964757943466907, 37.94154604532158],
          [126.964728672435598, 37.941559642798651],
          [126.96471387850292, 37.941565992758633],
          [126.964698916121748, 37.941571858161005],
          [126.964683718273164, 37.941577049625636],
          [126.964668197705365, 37.941581322424838],
          [126.964653271595566, 37.941584321735625],
          [126.964638080579178, 37.941586529741301],
          [126.96462272617832, 37.941588189643554],
          [126.964561488292858, 37.941593164256084],
          [126.964546713639095, 37.941594863004362],
          [126.964532402372868, 37.941597129880698],
          [126.964518727446276, 37.941600212937061],
          [126.964505902873356, 37.941604413454677],
          [126.964493907362908, 37.941609999338418],
          [126.964482494445065, 37.941616471457635],
          [126.96447113719519, 37.941623246666495],
          [126.964459312363516, 37.941629764385262],
          [126.964446227745483, 37.941635745236482],
          [126.964432322373597, 37.941641050332116],
          [126.964417799350358, 37.941645840547679],
          [126.964402817405372, 37.941650243111582],
          [126.964387498831101, 37.941654357138439],
          [126.964356200931803, 37.94166200651177],
          [126.964324404207119, 37.941669205335664],
          [126.964228289666025, 37.941690216539101],
          [126.964196474361117, 37.941697629667125],
          [126.964180707965554, 37.941701579540727],
          [126.964165087795394, 37.941705783742471],
          [126.964149668744739, 37.941710339736915],
          [126.964134522651094, 37.941715375077784],
          [126.964119809368341, 37.941720951992181],
          [126.964105365698487, 37.941727003694417],
          [126.96409112106663, 37.941733406090059],
          [126.964077021558893, 37.941740064476456],
          [126.964035235982564, 37.941760947443484],
          [126.963938528666603, 37.941811009131939],
          [126.9639106958941, 37.941824811777217],
          [126.963896656801737, 37.941831420161691],
          [126.963882487852487, 37.941837718085182],
          [126.963868137329655, 37.941843581533483],
          [126.963853536641309, 37.941848846061816],
          [126.963838595956815, 37.941853296388572],
          [126.963823379459129, 37.941856732458056],
          [126.96380782838601, 37.941859366956955],
          [126.963792030850925, 37.941861410798879],
          [126.963776054435655, 37.941863025960672],
          [126.963743757313665, 37.94186543317786],
          [126.963645946545057, 37.94187065059095],
          [126.963613413113521, 37.941872822096947],
          [126.96359721585867, 37.941874200192629],
          [126.963581089642233, 37.941875875922946],
          [126.963565059600768, 37.941877954776437],
          [126.963548811529549, 37.941880579865526],
          [126.96353266184471, 37.941883620812824],
          [126.963500553732345, 37.941890525654465],
          [126.963468585469542, 37.941898056620815],
          [126.963420739305363, 37.941909849831006],
          [126.96337300903518, 37.94192193171402],
          [126.963341382157438, 37.941930249873302],
          [126.963310161832112, 37.941939091139332],
          [126.963294832512446, 37.941943872851105],
          [126.963279797401341, 37.941949033223707],
          [126.963265170588954, 37.941954719305684],
          [126.963251101755148, 37.941961123810806],
          [126.963238162477822, 37.941968138717044],
          [126.963225749190443, 37.941975831524005],
          [126.963213725547263, 37.941984027096893],
          [126.963201985926361, 37.941992589151297],
          [126.963190448808618, 37.942001411476816],
          [126.963122619953211, 37.942055815559364],
          [126.963111172698703, 37.942064515507575],
          [126.963099558735124, 37.942072871668529],
          [126.963087704404046, 37.942080735507361],
          [126.963075513873449, 37.942087912094557],
          [126.963062862429169, 37.942094146713174],
          [126.963049588779995, 37.942099109372762],
          [126.963035421735725, 37.942102562403093],
          [126.963020621991149, 37.942104721250523],
          [126.963005354967422, 37.942105923919094],
          [126.96298974777622, 37.942106430295134],
          [126.962973897001987, 37.942106438267416],
          [126.962941737302685, 37.942105521721558],
          [126.962876706072066, 37.942102373831396],
          [126.962844218017906, 37.942101106856491],
          [126.962828049361022, 37.942100773117758],
          [126.962811963439819, 37.942100762409218],
          [126.962795992489191, 37.942101201580861],
          [126.962780177964902, 37.942102255865542],
          [126.96276457328689, 37.942104139370969],
          [126.962749046894146, 37.942107061581154],
          [126.962733733167425, 37.942110826286793],
          [126.962718575813724, 37.942115209763664],
          [126.962703531165445, 37.94212003909044],
          [126.962673652159992, 37.942130532517247],
          [126.962614144208757, 37.942152580027233],
          [126.962584244427362, 37.942163130222227],
          [126.962569188346265, 37.942168036565334],
          [126.962554022602333, 37.942172558436269],
          [126.962538708051724, 37.942176555814569],
          [126.962523194940516, 37.942179850015364],
          [126.96250703938469, 37.942182363323049],
          [126.962490702006605, 37.942184211352931],
          [126.962441392226793, 37.942188322439492],
          [126.962425114844351, 37.942190002482832],
          [126.962409064323538, 37.942192261546815],
          [126.962393353374367, 37.942195411757481],
          [126.962377915226512, 37.942199751719393],
          [126.962362838848975, 37.942205058362156],
          [126.962348026615473, 37.942211077412672],
          [126.962333404386797, 37.94221761534309],
          [126.962318916735313, 37.942224526699867],
          [126.962304522916128, 37.942231703144159],
          [126.962275908216327, 37.942246549233623],
          [126.962204831741971, 37.942284322222719],
          [126.962176575968471, 37.942298660224729],
          [126.962162522696445, 37.942305316323264],
          [126.962148545569022, 37.942311411043761],
          [126.962134672565796, 37.942316703951406],
          [126.962120939897019, 37.942320871350006],
          [126.962107393598345, 37.942323482955949],
          [126.962094091105953, 37.942323974719415],
          [126.962083092349602, 37.942322404314922],
          [126.962072159065642, 37.942319422211746],
          [126.962038134921556, 37.942307068128784],
          [126.962024188693363, 37.942302769445234],
          [126.962009625616062, 37.942298974583515],
          [126.961994604785303, 37.942295590271975],
          [126.961979250927271, 37.942292545447366],
          [126.961963661539968, 37.942289791836629],
          [126.961947913281321, 37.942287304633567],
          [126.961932067587753, 37.942285083838577],
          [126.961916175610497, 37.942283156681334],
          [126.961900282607061, 37.942281581456406],
          [126.961884431947041, 37.942280453048674],
          [126.961868668887561, 37.942279910374303],
          [126.961853044257438, 37.942280145890706],
          [126.961837618149147, 37.942281417194145],
          [126.96182217851478, 37.942283985266641],
          [126.961806950789864, 37.942287608804648],
          [126.961791880908962, 37.94229200619025],
          [126.961776927239768, 37.942296962897757],
          [126.961762058152644, 37.942302317710393],
          [126.961747249921302, 37.942307951076216],
          [126.961717750381453, 37.942319727896972],
          [126.961600201635221, 37.942368495532307],
          [126.961555945685802, 37.942386233094602],
          [126.961526160069397, 37.942397274565508],
          [126.961511102915381, 37.942402345032413],
          [126.961495878427428, 37.942406958495596],
          [126.96148042604419, 37.942410949932793],
          [126.961464421922358, 37.942414236340205],
          [126.961448183022512, 37.942416884195431],
          [126.961431772597777, 37.942419067851773],
          [126.961415238613185, 37.94242091905398],
          [126.961381934004294, 37.942423987012397],
          [126.961348456001346, 37.942426572023066],
          [126.961298113147578, 37.942429889725844],
          [126.961264532297733, 37.942431581004378],
          [126.961247747281007, 37.942432138164428],
          [126.961230971313228, 37.942432395725319],
          [126.961214209985059, 37.942432237736483],
          [126.961197582280164, 37.942431574847376],
          [126.961180973232103, 37.94243049626278],
          [126.961164382687741, 37.942429110293787],
          [126.961131276162178, 37.942425702890048],
          [126.961098355729732, 37.942421687098296],
          [126.96106584414585, 37.942417055876575],
          [126.96104986871822, 37.942414413025702],
          [126.961034187887634, 37.942411449000964],
          [126.961018917878846, 37.942408045352259],
          [126.961004212660967, 37.942404041741263],
          [126.960990273412762, 37.942399226476503],
          [126.960977359194331, 37.942393325583495],
          [126.960965437072574, 37.942386040564493],
          [126.960943103219634, 37.942369627607512],
          [126.960931425563317, 37.942361708054001],
          [126.960918662689267, 37.942354643484862],
          [126.960904969505478, 37.94234844792431],
          [126.960890572419913, 37.94234303747065],
          [126.960875643591848, 37.942338397876121],
          [126.960860309699015, 37.942334588451544],
          [126.960844659573979, 37.942331748710011],
          [126.960828750447405, 37.942330108121709],
          [126.96081280469086, 37.942329852967916],
          [126.960796701560469, 37.942330699261859],
          [126.96078048982821, 37.942332343810115],
          [126.960764205031239, 37.942334557488451],
          [126.960747872687307, 37.942337169496341],
          [126.960715131944823, 37.942343120601983],
          [126.960518621229895, 37.942382452639819],
          [126.960240742815998, 37.942437276250025],
          [126.96020802081398, 37.942443487733314],
          [126.960175232425541, 37.942449306213796],
          [126.960158793291072, 37.942451950058484],
          [126.960142307736703, 37.942454319970146],
          [126.960125758404715, 37.94245631361408],
          [126.96010935856529, 37.942457829977926],
          [126.960092896415162, 37.942458978866881],
          [126.960076388689032, 37.942459859089162],
          [126.960043284335953, 37.942461096063838],
          [126.960010113512226, 37.942461943012312],
          [126.959827452616736, 37.94246542170734],
          [126.959628205988054, 37.942469554175041],
          [126.95957847618692, 37.942469841664291],
          [126.959561933430322, 37.942469613964654],
          [126.959545419457982, 37.942469111526698],
          [126.959528944888092, 37.942468233480049],
          [126.959512596508134, 37.942466905669036],
          [126.959496286913591, 37.942465204939047],
          [126.959463743392021, 37.942461058255063],
          [126.959415019413342, 37.942453854915499],
          [126.95926882116018, 37.942431048495607],
          [126.959220034244566, 37.942424213433242],
          [126.959187559334637, 37.942420486252217],
          [126.959171369019217, 37.942419063729098],
          [126.959155236407838, 37.942418066983592],
          [126.959139191372998, 37.942417628331874],
          [126.959123818154325, 37.942417805663993],
          [126.959093610720259, 37.942418910947694],
          [126.959078911017684, 37.942419218200875],
          [126.959064609704498, 37.942418918325494],
          [126.959050841729137, 37.942417624733125],
          [126.959037780754187, 37.942414880664785],
          [126.959026149630191, 37.942410608064876],
          [126.959015088650347, 37.94240502396584],
          [126.959004364425766, 37.942398544661714],
          [126.958972104484701, 37.942377172005024],
          [126.958960610847612, 37.942370436627051],
          [126.958946984659292, 37.942363673856292],
          [126.958932633939426, 37.94235759085705],
          [126.958917742462077, 37.942352019072473],
          [126.958902451592664, 37.942346826899509],
          [126.958871074338546, 37.942337204299236],
          [126.958839078276611, 37.942328199162738],
          [126.958806795744962, 37.942319581087361],
          [126.958758349448672, 37.942307470629181],
          [126.958742333915197, 37.942303808795131],
          [126.958726475421869, 37.942300468729883],
          [126.958710859999016, 37.942297582397266],
          [126.958695607238596, 37.942295330288403],
          [126.958680882479229, 37.942293955401766],
          [126.958666912328155, 37.942293780361723],
          [126.958654004149523, 37.942295227475505],
          [126.958643815157359, 37.942298056739446],
          [126.958634567556146, 37.942301834164091],
          [126.958618473269155, 37.942309502909708],
          [126.958611564027507, 37.942311953084712],
          [126.958605471765537, 37.942312379001685],
          [126.958599648049869, 37.94230960793157],
          [126.958594708197779, 37.942303910661771],
          [126.958590415658747, 37.942296007783312],
          [126.958586591889016, 37.942286457954111],
          [126.958583085929817, 37.942275607316581],
          [126.958579463912343, 37.942262230188803],
          [126.958571794020756, 37.942229364230265],
          [126.958556014790247, 37.942153553433506],
          [126.958554483872874, 37.942146539399047],
          [126.958553731439196, 37.942144418354317]
        ]
      }
    },
    {
      "type": "Feature",
      "properties": {
        "PMNTN_SN": 1123,
        "MNTN_CODE": "414800101",
        "MNTN_NM": "감악산",
        "PMNTN_NM": "객현리구간",
        "PMNTN_MAIN": null,
        "PMNTN_LT": 2.21,
        "PMNTN_DFFL": "쉬움",
        "PMNTN_UPPL": 39,
        "PMNTN_GODN": 27,
        "PMNTN_MTRQ": null,
        "PMNTN_CNRL": null,
        "PMNTN_CLS_": null,
        "PMNTN_RISK": null,
        "PMNTN_RECO": null,
        "DATA_STDR_": "2016-12-31",
        "MNTN_ID": "2140140100"
      },
      "geometry": {
        "type": "LineString",
        "coordinates": [
          [126.970399920399799, 37.941549422195301],
          [126.970523552581483, 37.941637850165797],
          [126.970560716590867, 37.941665103708495],
          [126.970572590652651, 37.941674250165683],
          [126.970583973980936, 37.941683456368629],
          [126.970594641754744, 37.941692750438456],
          [126.970604287291621, 37.941702171066588],
          [126.970612497846588, 37.94171177071135],
          [126.970618725332812, 37.94172161950474],
          [126.970622252003906, 37.941731809892325],
          [126.970622611730263, 37.941741506500577],
          [126.970620758376313, 37.94175149798933],
          [126.970617378399552, 37.941761712265738],
          [126.970613057214251, 37.941772093270451],
          [126.970603639067264, 37.94179319228833],
          [126.970599521016482, 37.941803850953512],
          [126.970596486158399, 37.941814552847767],
          [126.970595128766945, 37.941825280109924],
          [126.970595875523586, 37.941835713480735],
          [126.970598405150625, 37.941846117050801],
          [126.970602365924421, 37.941856449280664],
          [126.970607502396575, 37.94186666195521],
          [126.97061364492852, 37.941876696876541],
          [126.970620701630381, 37.94188648215021],
          [126.970628652907024, 37.941895928012713],
          [126.970637548558244, 37.941904922190815],
          [126.970648026355278, 37.941913848273799],
          [126.970659378284637, 37.941922279407059],
          [126.970671358985001, 37.941930348887858],
          [126.970683777435625, 37.941938163537209],
          [126.970735182957185, 37.941968442126424],
          [126.970760469099289, 37.941983925001111],
          [126.970772621986356, 37.941992012108351],
          [126.97078424676576, 37.942000465840756],
          [126.970795143538894, 37.942009419776994],
          [126.970805441649176, 37.942019280650918],
          [126.970814938409049, 37.942029671078437],
          [126.970823808670701, 37.942040449480551],
          [126.970832167623087, 37.942051504276527],
          [126.970840075274879, 37.94206274658535],
          [126.97084753808322, 37.942074103581717],
          [126.970854507360514, 37.942085512415943],
          [126.970860874144066, 37.942096914521386],
          [126.970866460225039, 37.9421082500875],
          [126.970871005048068, 37.942119452458385],
          [126.970874148259711, 37.942130442220773],
          [126.970875407866203, 37.94214112077114],
          [126.970874154349431, 37.942151363213085],
          [126.970870165167085, 37.942160640950007],
          [126.97086404856465, 37.94216949014789],
          [126.970856576131041, 37.942177993311276],
          [126.97083276220782, 37.942201837775464],
          [126.970826593119355, 37.942209240974591],
          [126.970822580950838, 37.942216313587835],
          [126.970821683811607, 37.942222980001468],
          [126.970824993623495, 37.942229591084946],
          [126.970831949549307, 37.942235772546432],
          [126.970841586818992, 37.942241644279001],
          [126.970853167329366, 37.94224729659571],
          [126.970866134014301, 37.942252796589671],
          [126.970880071897142, 37.942258193411583],
          [126.970894675857025, 37.942263522542078],
          [126.970925059840468, 37.942274070907445],
          [126.971081109922991, 37.942326643656763],
          [126.971312977669527, 37.942405815315453],
          [126.97146855511734, 37.942458001322684],
          [126.97149891420068, 37.942468790956148],
          [126.971513583219277, 37.94247442260874],
          [126.971527679774837, 37.942480319540458],
          [126.971540947049931, 37.942486600518912],
          [126.971553037655269, 37.942493426153632],
          [126.971563487972801, 37.942501010741474],
          [126.971571687693753, 37.942509636328467],
          [126.971577121926046, 37.942519478561969],
          [126.971580326323561, 37.942530353352304],
          [126.971581904692883, 37.942541982823258],
          [126.971582316765904, 37.942554155641169],
          [126.971581907945236, 37.942566713270779],
          [126.971580934365591, 37.942579538374822],
          [126.971579583411483, 37.942592545282714],
          [126.971576250058689, 37.942618875707453],
          [126.971565105318589, 37.942698494345201],
          [126.971561262090688, 37.942724921383274],
          [126.971556970597433, 37.942751139558311],
          [126.971554464748706, 37.942764112780132],
          [126.971551556676346, 37.94277694617648],
          [126.971548071534272, 37.942789585857902],
          [126.971543777438967, 37.942801959666284],
          [126.971538370678175, 37.942813972420652],
          [126.971531742339337, 37.942825335356389],
          [126.971524030378234, 37.942836349482441],
          [126.971515517917098, 37.942847106228186],
          [126.971506421075375, 37.942857675525815],
          [126.971496902704757, 37.94286811018079],
          [126.971477055002509, 37.942888722859834],
          [126.971415302254869, 37.942949856910339],
          [126.971395032999254, 37.942970270185114],
          [126.971375711000974, 37.94299084394595],
          [126.971366715550303, 37.943001242021751],
          [126.971358423450539, 37.943011756628209],
          [126.971351114311844, 37.943022433393772],
          [126.971345158618988, 37.943033332798585],
          [126.971341040913174, 37.943044533982601],
          [126.971339138744412, 37.943056270893678],
          [126.971339118613159, 37.943068316516154],
          [126.971340475584242, 37.94308058807912],
          [126.971342824919532, 37.943093022492775],
          [126.971345877399614, 37.943105572308873],
          [126.971353291186091, 37.943130886697688],
          [126.971365923222749, 37.943169105513839],
          [126.971439707781485, 37.943385912484295],
          [126.97145204851563, 37.943424122659458],
          [126.971459259159161, 37.94344956683004],
          [126.97146223724566, 37.94346227074967],
          [126.971464557787769, 37.943474955426844],
          [126.97146596516049, 37.943487613161572],
          [126.971466123624197, 37.943500233769981],
          [126.971464710559559, 37.94351312330059],
          [126.971461996863809, 37.943525975101487],
          [126.971458342601494, 37.943538800991732],
          [126.971454020245815, 37.943551610013444],
          [126.971449233037859, 37.943564408955446],
          [126.971438819877733, 37.943589994741792],
          [126.971411056599294, 37.943653934097242],
          [126.971393844985187, 37.943692069511449],
          [126.97138164850287, 37.943717076499382],
          [126.971375077782099, 37.943729317301269],
          [126.971367998897975, 37.943741279776233],
          [126.971360204524629, 37.943752852996063],
          [126.971351421439792, 37.943763890505721],
          [126.971341527711019, 37.943774177463339],
          [126.97133065622927, 37.94378393660724],
          [126.971319069162163, 37.943793310299135],
          [126.971306966409855, 37.943802407134051],
          [126.971281784657464, 37.943820079827617],
          [126.971217273267271, 37.943863409381244],
          [126.971204709136217, 37.943872224788471],
          [126.971192496773256, 37.94388119709371],
          [126.971180803576658, 37.94389039838908],
          [126.971169853608515, 37.943899924147274],
          [126.971159945379085, 37.943909900586178],
          [126.971151472750563, 37.943920493216446],
          [126.971144744843329, 37.943931859975187],
          [126.971139469523038, 37.943943843575539],
          [126.971135266072991, 37.943956275866121],
          [126.971131856997104, 37.94396902789736],
          [126.971129051345457, 37.943982001068186],
          [126.971126732264111, 37.943995119432302],
          [126.97112484895051, 37.944008323071564],
          [126.971123413037319, 37.944021562344879],
          [126.971122499386084, 37.944034792777856],
          [126.971122251272703, 37.944047970345466],
          [126.971122889934136, 37.944061046906377],
          [126.971124728353416, 37.94407396557316],
          [126.971127974398513, 37.944086477327929],
          [126.9711324371237, 37.944098784876772],
          [126.971137867949693, 37.944110886668931],
          [126.971144111828536, 37.944122760895937],
          [126.971151097938886, 37.944134362962579],
          [126.971158834299047, 37.944145621882463],
          [126.971167406270212, 37.944156435514032],
          [126.971176978647165, 37.944166664667726],
          [126.971187066143685, 37.944175693985869],
          [126.971197942740119, 37.944184233787482],
          [126.971209338297911, 37.944192448051673],
          [126.971244440523009, 37.944216496855638],
          [126.971255776389853, 37.944224736288895],
          [126.971266575851899, 37.944233312079682],
          [126.971276585410834, 37.944242385737887],
          [126.971285764584565, 37.944252267379895],
          [126.971294085279823, 37.944262690441413],
          [126.971301764944101, 37.944273515799829],
          [126.971308975913431, 37.944284631897425],
          [126.971322513440739, 37.944307387998059],
          [126.971342038280554, 37.944341782471689],
          [126.971355489240509, 37.944364048372606],
          [126.971362626893537, 37.944374692871826],
          [126.971370210113463, 37.944384822974243],
          [126.971378408582851, 37.944394246321835],
          [126.971387437325433, 37.944402716331375],
          [126.971397567873979, 37.944409919299346],
          [126.971408364638165, 37.94441537038044],
          [126.971420013536417, 37.944419817049493],
          [126.971444295122268, 37.944427401499745],
          [126.971456177573444, 37.944431335107133],
          [126.97146736858096, 37.944435901645868],
          [126.971477431515623, 37.944441545665775],
          [126.97148674159827, 37.944449326848947],
          [126.971494588582118, 37.944458530684209],
          [126.971501347550586, 37.944468793600343],
          [126.97150730801458, 37.944479834481072],
          [126.971512690742856, 37.944491438766292],
          [126.971517662465786, 37.944503444561441],
          [126.971526842540584, 37.944528207965341],
          [126.97154414795186, 37.944578914151407],
          [126.97155308419903, 37.944604252615378],
          [126.97156284710266, 37.944629257655059],
          [126.971568283570676, 37.94464153278053],
          [126.971574284666872, 37.944653578085557],
          [126.971581053180358, 37.94466531289541],
          [126.97158892170178, 37.944676905592068],
          [126.9715975835243, 37.944688178016563],
          [126.971606823325843, 37.944699216364079],
          [126.971616477693019, 37.944710086188088],
          [126.97162642430493, 37.944720836669852],
          [126.971646857453479, 37.944742115452584],
          [126.971876797158956, 37.944973941201468],
          [126.97198158865578, 37.945079233523686],
          [126.972012237442584, 37.945111107024772],
          [126.972022036200897, 37.945121879478464],
          [126.972031458147455, 37.945132784870523],
          [126.972040346816229, 37.945143877998611],
          [126.972048493461813, 37.945155231887817],
          [126.972055623390645, 37.945166942533042],
          [126.972061516563855, 37.945179091533056],
          [126.972066395054199, 37.945191596379296],
          [126.97207053772911, 37.945204359256593],
          [126.972074160198559, 37.945217304037172],
          [126.97208048166236, 37.945243510268007],
          [126.972089403980547, 37.945282945574569],
          [126.972092653092858, 37.945295947602816],
          [126.972096251352724, 37.945308782973584],
          [126.97210037297377, 37.945321370634382],
          [126.972105243874665, 37.945333604285089],
          [126.972111159038391, 37.945345344260673],
          [126.972118502364893, 37.945356408154339],
          [126.972127043856474, 37.945366108454323],
          [126.97213687335362, 37.945375198119045],
          [126.972147649470188, 37.945383838349876],
          [126.972159100135485, 37.945392156677109],
          [126.972171005250615, 37.945400254958976],
          [126.972207697170887, 37.945424011304667],
          [126.972219718433138, 37.945431976743969],
          [126.972231341665974, 37.945440082451711],
          [126.972242343599603, 37.94544841373385],
          [126.972252445778622, 37.945457075245443],
          [126.972261294991895, 37.945466198458533],
          [126.972268441352668, 37.945475949927186],
          [126.97227365232456, 37.945486795526165],
          [126.972277062829505, 37.945498306851704],
          [126.972279150696735, 37.945510308645531],
          [126.972280281844959, 37.945522666716208],
          [126.972280732859332, 37.945535279665677],
          [126.972280365623789, 37.945560987572854],
          [126.97227912022035, 37.945587039152677],
          [126.972275005364835, 37.945652577632984],
          [126.972272213624692, 37.94569186393425],
          [126.972269811545573, 37.945717955573087],
          [126.97226825465691, 37.945730946539648],
          [126.972266319050448, 37.945743882146921],
          [126.972263856101009, 37.945756741977554],
          [126.972260687831209, 37.945769718328265],
          [126.972256966584496, 37.945782613767534],
          [126.972252834814554, 37.945795445579918],
          [126.972243708555865, 37.945820948759646],
          [126.972233709444851, 37.94584620768174],
          [126.972228370519119, 37.945858698292213],
          [126.972222734618285, 37.945871046396014],
          [126.972216701730645, 37.945883193565521],
          [126.972210125752085, 37.945895059190306],
          [126.972202804412092, 37.945906534635718],
          [126.972194466668498, 37.945917476217815],
          [126.972184846555294, 37.945927812377448],
          [126.972174205269397, 37.945937610763963],
          [126.972162821089213, 37.945947017083952],
          [126.972150904553786, 37.945956141735444],
          [126.972126060799738, 37.945973854104487],
          [126.972100487212344, 37.945991176054626],
          [126.97199659314515, 37.946059605103009],
          [126.971957957621797, 37.946085486183414],
          [126.971932801582824, 37.946103118530452],
          [126.971920595891149, 37.946112164745841],
          [126.971908784493095, 37.946121452002942],
          [126.971897525730157, 37.94613107470353],
          [126.971887029852738, 37.946141157563659],
          [126.971877639165783, 37.946151599754423],
          [126.971868996871407, 37.946162488207698],
          [126.971860914424397, 37.946173704981931],
          [126.971853256577603, 37.946185161001878],
          [126.971838899051107, 37.946208546813878],
          [126.971825691614754, 37.946232325862795],
          [126.971819618995411, 37.946244321799128],
          [126.971814041365008, 37.946256387885633],
          [126.971809131379089, 37.946268535519749],
          [126.971805128290683, 37.946280785916137],
          [126.971802352198949, 37.946293170951421],
          [126.97180106411534, 37.946305692316237],
          [126.971800994955373, 37.946318344402783],
          [126.971801820690899, 37.946331091181769],
          [126.971803294143143, 37.946343905427334],
          [126.97180522873397, 37.946356766789457],
          [126.971809956767942, 37.94638257434513],
          [126.971823209786123, 37.946447207623123],
          [126.971827854338926, 37.946472972994179],
          [126.971829720952357, 37.946485800980959],
          [126.971831103140275, 37.946498571487396],
          [126.971831808352661, 37.946511262001223],
          [126.971831581908404, 37.946523842680612],
          [126.971830090560218, 37.946536274427523],
          [126.971827012144161, 37.946548701037251],
          [126.971822639341994, 37.946560975357471],
          [126.971817319697223, 37.946573138286759],
          [126.971811317488132, 37.946585220928519],
          [126.971798006414232, 37.946609232583839],
          [126.971783740784275, 37.946633132172991],
          [126.971769055877928, 37.946656982824713],
          [126.971694717923143, 37.94677613922611],
          [126.971680204213186, 37.946800012037436],
          [126.971666360301569, 37.946823958451979],
          [126.971659913124284, 37.946835983313896],
          [126.971653973418867, 37.946848063112235],
          [126.971648748889635, 37.946860220112725],
          [126.971644516482769, 37.946872483970871],
          [126.971641640355699, 37.946884893641162],
          [126.971640418220716, 37.9468974075453],
          [126.97164054186679, 37.946910066583975],
          [126.971641655223465, 37.946922833092373],
          [126.971643487101815, 37.94693567839127],
          [126.971645833314142, 37.946948580840022],
          [126.971648541359556, 37.9469615241414],
          [126.971654616070637, 37.946987486207206],
          [126.971670521723311, 37.947052408368179],
          [126.97167578327057, 37.947078114995577],
          [126.971677736379434, 37.947090811490561],
          [126.97167896778825, 37.947103340071671],
          [126.971679186667842, 37.94711563226624],
          [126.971678006601664, 37.947127597049246],
          [126.97167492051949, 37.947139114974718],
          [126.971669353562334, 37.947150362849399],
          [126.971661795597456, 37.947161143698615],
          [126.971652786878366, 37.947171584544947],
          [126.971642735777678, 37.947181781380088],
          [126.971631947013563, 37.947191805798774],
          [126.971620645571321, 37.947201710612546],
          [126.971597121573765, 37.947221305816193],
          [126.971537121354814, 37.947270002135774],
          [126.971514270020464, 37.947289715546979],
          [126.971503579937533, 37.947299724285124],
          [126.97149368136958, 37.947309896495824],
          [126.971484902211088, 37.947320299822245],
          [126.971477681859497, 37.947331024951865],
          [126.971472601475924, 37.947342191894045],
          [126.971470186963586, 37.947353412418217],
          [126.971469764877924, 37.947365043853097],
          [126.971470812798103, 37.947376977917237],
          [126.971472930293174, 37.947389131657417],
          [126.971475813778241, 37.947401442298215],
          [126.971479234958196, 37.94741386285709],
          [126.971487047948457, 37.9474389035652],
          [126.971499635967675, 37.947476668680714],
          [126.971507707192075, 37.947501845109137],
          [126.971511396819039, 37.947514407181565],
          [126.971514699182762, 37.94752693908719],
          [126.971517451190039, 37.947539428581408],
          [126.971519437542312, 37.947551859939203],
          [126.971520375065225, 37.947564212715292],
          [126.971519894613238, 37.94757646036205],
          [126.971517629834139, 37.947588862099003],
          [126.971513891654524, 37.947601155004108],
          [126.971509073266986, 37.947613367733389],
          [126.97150347367625, 37.947625522142062],
          [126.971497317241131, 37.947637634699959],
          [126.971483954620965, 37.947661780287653],
          [126.971433987020021, 37.947746088722496],
          [126.97142020034363, 37.947770279650356],
          [126.97141365928492, 37.947782433420457],
          [126.971407495890489, 37.947794648296927],
          [126.971401865728012, 37.947806948129326],
          [126.971396977308487, 37.94781936445586],
          [126.971393106475404, 37.947831938449553],
          [126.971390478797716, 37.94784470682665],
          [126.971388883148563, 37.947857628676857],
          [126.971388060250703, 37.947870657780108],
          [126.971387824384962, 37.947883756048],
          [126.971388052720087, 37.947896890664701],
          [126.971388677706997, 37.947910031313725],
          [126.971389682702082, 37.947923147418905],
          [126.971391100874442, 37.947936205298468],
          [126.971393017413661, 37.947949165117755],
          [126.971395575033412, 37.947961977529204],
          [126.971398982715542, 37.947974579906386],
          [126.97140352750516, 37.947986892126956],
          [126.971409383948057, 37.947998747349565],
          [126.971416332663367, 37.948010316998122],
          [126.971424060033343, 37.948021679709562],
          [126.971432317252578, 37.948032897284044],
          [126.971466975984924, 37.948077182962194],
          [126.971475241841688, 37.948088280167283],
          [126.971482987366556, 37.948099455679248],
          [126.971489970134272, 37.948110751376994],
          [126.971495885106719, 37.948122218569232],
          [126.971500345362301, 37.948133921337032],
          [126.97150296752028, 37.948145288503646],
          [126.971504397275098, 37.948156850814001],
          [126.971506143250238, 37.948191972103665],
          [126.971507270781913, 37.948203602178843],
          [126.971509381050581, 37.948215081079269],
          [126.971512596240046, 37.94822583114469],
          [126.97151670332164, 37.94823643979457],
          [126.971530451758767, 37.948267991147496],
          [126.971534216950673, 37.948278601787294],
          [126.971536862008676, 37.948289358836419],
          [126.97153808920649, 37.948301727880434],
          [126.971537764552025, 37.948314303560672],
          [126.971536296610452, 37.948327031714079],
          [126.971533997779133, 37.948339870859819],
          [126.971531103506592, 37.948352789682026],
          [126.971527788857756, 37.948365764850536],
          [126.971520377245071, 37.948391820209153],
          [126.97149213388164, 37.948483312427577],
          [126.971484479250307, 37.948509383433297],
          [126.971480944509665, 37.948522373691901],
          [126.971477728334946, 37.948535315356331],
          [126.971474967549156, 37.948548188182436],
          [126.97147284798784, 37.94856096485659],
          [126.971471618860477, 37.948573608983516],
          [126.971471609898003, 37.948586072712807],
          [126.971473251160219, 37.948598294043094],
          [126.971476656938563, 37.948609707570782],
          [126.971481396934237, 37.948620941543773],
          [126.971492570513604, 37.948643279675977],
          [126.97149794423413, 37.948654583553555],
          [126.971502464545068, 37.948666119933549],
          [126.97150571137793, 37.948677981267714],
          [126.971507848329551, 37.948690112166943],
          [126.97150913558211, 37.948702443301848],
          [126.971509770996732, 37.948714919729902],
          [126.971509898851849, 37.948727497832365],
          [126.971509617029568, 37.948740142522773],
          [126.971508013689203, 37.948765519182992],
          [126.971506693504594, 37.948778202255994],
          [126.971504966675184, 37.948790850114769],
          [126.971502737828231, 37.948803436796986],
          [126.971499866619894, 37.948815932362699],
          [126.971496114109684, 37.948828696863977],
          [126.971491706686479, 37.948841359942854],
          [126.971486822090654, 37.948853947800501],
          [126.971481594582485, 37.948866480611393],
          [126.971470485683199, 37.948891438592966],
          [126.97143546468476, 37.948965983682818],
          [126.971418622271145, 37.949003228608809],
          [126.971413435755409, 37.949015649562874],
          [126.971408631417688, 37.949028075962417],
          [126.971404365702085, 37.949040509849084],
          [126.971400847889271, 37.949052953883225],
          [126.971398354505951, 37.949065411538896],
          [126.971397246057293, 37.949077887317884],
          [126.971397764409161, 37.949090049064715],
          [126.971399526284202, 37.949102225532151],
          [126.971402109606757, 37.949114409752859],
          [126.971411306942485, 37.949150944330512],
          [126.971413772345798, 37.949163093669583],
          [126.971415351861239, 37.949175214995712],
          [126.97141561716947, 37.949187297915095],
          [126.971414304562543, 37.949198951337117],
          [126.971411718520272, 37.949210574134874],
          [126.971408219272291, 37.949222182095411],
          [126.971404105890741, 37.949233790703026],
          [126.971390505871483, 37.949268793521775],
          [126.971386281422781, 37.949280592456262],
          [126.971382587461818, 37.949292505371396],
          [126.971379422471017, 37.949305397437683],
          [126.971376938186438, 37.949318420470114],
          [126.971374956871173, 37.949331539966103],
          [126.971371986076193, 37.949357969821442],
          [126.971369767288678, 37.949384546210617],
          [126.971367057868278, 37.949424520013459],
          [126.971365518499951, 37.949451169378769],
          [126.971364358631291, 37.949477752388447],
          [126.971364049276673, 37.949504167780958],
          [126.971364486159331, 37.949517258992522],
          [126.971365548078978, 37.949530228030923],
          [126.971367482817826, 37.949543027266458],
          [126.971370616890326, 37.94955559397026],
          [126.971375186291709, 37.949567810719756],
          [126.97138094655412, 37.949579796999188],
          [126.971387578411452, 37.949591614521125],
          [126.971394839549987, 37.949603310164846],
          [126.971402548623971, 37.949614919049814],
          [126.971418811282305, 37.949637973364936],
          [126.971486943342711, 37.949729589893288],
          [126.971503500393524, 37.949752569230768],
          [126.971511451611264, 37.949764112316025],
          [126.971519046363525, 37.949775713406119],
          [126.971526131864692, 37.949787397249537],
          [126.971532501395984, 37.949799197343218],
          [126.971537879001261, 37.949811158420268],
          [126.971541901386672, 37.94982333939069],
          [126.971544277412036, 37.94983580899882],
          [126.971545295007232, 37.949848498844446],
          [126.971545319757894, 37.949861349473757],
          [126.971544629419142, 37.949874315700498],
          [126.971543432168772, 37.949887363649509],
          [126.97154009158092, 37.949913611256882],
          [126.97152551009475, 37.950005953456291],
          [126.971519808081737, 37.950045522732061],
          [126.971516958640564, 37.950071864024132],
          [126.971516075996178, 37.950085014388932],
          [126.971515741135477, 37.950098144634225],
          [126.971516150349046, 37.950111247635867],
          [126.971517472448681, 37.95012439194447],
          [126.971519547015632, 37.950137509761099],
          [126.971522175661178, 37.950150609258927],
          [126.971525207455556, 37.950163696591737],
          [126.971532052386934, 37.950189850965344],
          [126.971554296958089, 37.950268156932175],
          [126.971560701505283, 37.950294037475736],
          [126.971563249447883, 37.950306854790107],
          [126.9715650916946, 37.950319539351227],
          [126.971565936529046, 37.950332035882042],
          [126.971565395103966, 37.950344270629998],
          [126.97156295567315, 37.950356146548025],
          [126.971558128757806, 37.950367730897796],
          [126.971551362184996, 37.950378948144888],
          [126.971543186498295, 37.950389898608464],
          [126.97153400519916, 37.95040065876092],
          [126.971524123138877, 37.950411286696969],
          [126.971513770957714, 37.950421826890086],
          [126.971470764080962, 37.950463740865025],
          [126.971460234733627, 37.950474297706606],
          [126.971450061676748, 37.950484952949004],
          [126.971440428343243, 37.95049575545827],
          [126.971431572709704, 37.950506769551019],
          [126.971423806940351, 37.950518080196183],
          [126.971417539844822, 37.950529799035785],
          [126.971413105379924, 37.95054200536309],
          [126.971410167317245, 37.950554619188914],
          [126.971408318999949, 37.95056752927993],
          [126.971407252635032, 37.95058065146587],
          [126.971406738565008, 37.950593922952287],
          [126.971406607817414, 37.950607297538987],
          [126.971407040914514, 37.950634231513213],
          [126.971411017386458, 37.950742542463651],
          [126.971411794156126, 37.950783040223236],
          [126.971411245569684, 37.950809877562371],
          [126.971410344963971, 37.950823204295467],
          [126.971408800257436, 37.950836437329123],
          [126.971406370719862, 37.950849542135643],
          [126.971402903299037, 37.950862354073003],
          [126.971398568593557, 37.950875040556355],
          [126.971393602344747, 37.950887635628774],
          [126.971382445326824, 37.950912648334644],
          [126.971370379866229, 37.950937529096961],
          [126.97135790996164, 37.95096235074174],
          [126.97126941786216, 37.951135904105037],
          [126.971244500693501, 37.951185551647292],
          [126.971232575167264, 37.951210476019234],
          [126.971226918722223, 37.951222996232147],
          [126.971221585247562, 37.951235577666459],
          [126.971216702316894, 37.951248244524308],
          [126.971212438229088, 37.951261028728929],
          [126.971208913109109, 37.95127402289436],
          [126.971206012279339, 37.951287135483497],
          [126.971203565201037, 37.951300334193945],
          [126.971199548829205, 37.951326898459811],
          [126.971193106154217, 37.951380331534054],
          [126.971172648805393, 37.951567852104084],
          [126.971167909377598, 37.951607960025392],
          [126.971164105976271, 37.951634508560844],
          [126.971161799342113, 37.951647659705195],
          [126.971159062928464, 37.951660678474688],
          [126.971155723999388, 37.951673510200251],
          [126.9711515533306, 37.951686081996527],
          [126.971146250971458, 37.951698298040448],
          [126.971139618675181, 37.951710030405636],
          [126.971131928705773, 37.951721419251044],
          [126.971123550946473, 37.951732570016375],
          [126.971097339370118, 37.951765383925867],
          [126.97108920671478, 37.951776325117294],
          [126.971081914761868, 37.951787370950115],
          [126.971075871953389, 37.951798590900815],
          [126.971071580156561, 37.951810066538755],
          [126.971069396138276, 37.951821847571104],
          [126.971068737993406, 37.951833869898529],
          [126.971069084763627, 37.951858264141691],
          [126.971068721709059, 37.951870469435285],
          [126.971067054742349, 37.951882571540608],
          [126.97106368878552, 37.951894045235093],
          [126.97105883469591, 37.951905384421579],
          [126.971052856127102, 37.951916622479594],
          [126.971046037455793, 37.951927785579947],
          [126.971038599281187, 37.951938893884972],
          [126.971022510780116, 37.951961002868757],
          [126.970980193672574, 37.952015949462037],
          [126.970972147012432, 37.952026883928006],
          [126.97096455188877, 37.952037784826317],
          [126.970957624940581, 37.952048637724118],
          [126.970951653953676, 37.952059422509841],
          [126.970947020029925, 37.95207011191215],
          [126.970944223965589, 37.952080669669598],
          [126.970943917003282, 37.952091048347057],
          [126.970946792822176, 37.952101625001767],
          [126.970952339119279, 37.952112011280157],
          [126.970959835587053, 37.952122261461845],
          [126.970968736753989, 37.952132417044339],
          [126.970978635561934, 37.952142509438879],
          [126.970989232665261, 37.952152562216348],
          [126.971000311227229, 37.952162592911762],
          [126.971023340180494, 37.952182635993914],
          [126.971117973860174, 37.952262938728445],
          [126.97111729739477, 37.952302170296335],
          [126.971073537328564, 37.952339620389836],
          [126.970935187977375, 37.952335322997257],
          [126.970883738272207, 37.952334044660958],
          [126.970849946220454, 37.952333917536556],
          [126.970833323429616, 37.952334315068121],
          [126.970816979238649, 37.952335207959031],
          [126.970801020962014, 37.952336802215576],
          [126.970785593616242, 37.952339374044676],
          [126.970770889814077, 37.952343288425304],
          [126.970757181514969, 37.952348786845519],
          [126.970744182011188, 37.952355606505897],
          [126.970731698828331, 37.952363388966276],
          [126.970719585504128, 37.952371861805624],
          [126.970707732042257, 37.952380820763338],
          [126.970684500303463, 37.952399633281722],
          [126.970661583057108, 37.952419050034855],
          [126.970558972893542, 37.952507395925394],
          [126.970536450906096, 37.952527101930187],
          [126.970514490525048, 37.952547083877946],
          [126.970503896180489, 37.952557274932126],
          [126.970493702172007, 37.952567677485625],
          [126.970484058890307, 37.952578373199536],
          [126.97047514848191, 37.95258935016016],
          [126.970466783510162, 37.952600618547585],
          [126.970458817552341, 37.952612099928828],
          [126.970443665229027, 37.952635478214425],
          [126.970421931313922, 37.952671074183613],
          [126.970351109857845, 37.952790587773514],
          [126.970329620391581, 37.952826321846864],
          [126.970314881505701, 37.952849933393857],
          [126.970307259429333, 37.952861608700509],
          [126.970299372384559, 37.952873146545691],
          [126.970291116760748, 37.952884492621344],
          [126.970282356003167, 37.952895575222094],
          [126.970272874471775, 37.952906451316153],
          [126.970262877379724, 37.952917057869662],
          [126.970252503602964, 37.95292746694421],
          [126.97023101109852, 37.952947888227456],
          [126.970197693358514, 37.952977883960656],
          [126.970174924051378, 37.952997449287068],
          [126.970163311204374, 37.953007024718417],
          [126.970151475311198, 37.9530163906635],
          [126.970139333705362, 37.953025467158774],
          [126.970126774371693, 37.95303414721144],
          [126.970113776569534, 37.953042301399201],
          [126.97010036669532, 37.953050063733357],
          [126.970072735399853, 37.953064814543595],
          [126.970044489419138, 37.953078976647205],
          [126.969844147457877, 37.953175571311093],
          [126.96965857783519, 37.953265830974345],
          [126.969615447092224, 37.953286072448925],
          [126.969600916635386, 37.953292532226939],
          [126.969586251685868, 37.953298740336955],
          [126.969571399587707, 37.95330459824185],
          [126.969556291117769, 37.953309976381433],
          [126.96954081187404, 37.953314786747107],
          [126.969525073830866, 37.953319113064808],
          [126.969509146117645, 37.95332308498304],
          [126.969493081107899, 37.953326800779983],
          [126.969460685506448, 37.953333738830551],
          [126.969330052202281, 37.953359590016177],
          [126.96929754571093, 37.953366335748925],
          [126.969265386407017, 37.95337369202938],
          [126.969249543374147, 37.953377780662869],
          [126.969233946301159, 37.953382292638317],
          [126.96921868899544, 37.953387386490071],
          [126.969204802306692, 37.953392794713913],
          [126.969191225076457, 37.953398726555683],
          [126.969177886210105, 37.953405054965231],
          [126.96915173844225, 37.953418549383322],
          [126.969126159431227, 37.953432824198515],
          [126.969113590809116, 37.953440206542098],
          [126.969101205857584, 37.953447764432646],
          [126.969089054668771, 37.95345553053955],
          [126.969077208759813, 37.953463557871721],
          [126.969065764753367, 37.953471922151017],
          [126.969053997880167, 37.953481354660973],
          [126.96904267956819, 37.953491157835558],
          [126.969020922572128, 37.953511485650452],
          [126.968999827894422, 37.953532350128498],
          [126.968979034373675, 37.953553452751706],
          [126.968886037990217, 37.953648809019342],
          [126.968751382135792, 37.953786267928677],
          [126.968699703540381, 37.953839322131564],
          [126.968627588927717, 37.953913922259112],
          [126.968606832179688, 37.953935008394538],
          [126.968585682067527, 37.95395552190385],
          [126.968574818080214, 37.95396535996499],
          [126.96856364061351, 37.953974744840572],
          [126.968552017930278, 37.953983486998219],
          [126.968539773984915, 37.953991333348384],
          [126.968526676751779, 37.953997950558353],
          [126.968512887339699, 37.954002962784656],
          [126.968498280262494, 37.954006798481366],
          [126.968483074758623, 37.954009774266069],
          [126.968467439408599, 37.954012134953331],
          [126.968451503003038, 37.954014069591544],
          [126.968435363916939, 37.954015725496795],
          [126.968370097434999, 37.954021690910274],
          [126.968353852047102, 37.954023482218801],
          [126.968337729957071, 37.954025602144853],
          [126.968321788604257, 37.954028191453119],
          [126.968306098111981, 37.954031427148507],
          [126.968290452911816, 37.95403552564327],
          [126.968275070022671, 37.954040295745543],
          [126.968259881345929, 37.954045560251743],
          [126.968244834709367, 37.954051183984433],
          [126.96821501984455, 37.954063128517568],
          [126.968170657590505, 37.954081929678175],
          [126.96805274852538, 37.954132953557128],
          [126.968023104651067, 37.954145292107903],
          [126.968008192433658, 37.954151238856518],
          [126.967993184410972, 37.954156949243959],
          [126.967978041918172, 37.954162327498736],
          [126.96796271342788, 37.954167245795091],
          [126.967947131200816, 37.954171535880839],
          [126.967931218770516, 37.954175065615345],
          [126.967915050594854, 37.954177964157708],
          [126.967898693319313, 37.954180398937893],
          [126.967882197511955, 37.954182497056266],
          [126.967865601188265, 37.954184353913462],
          [126.967832214297758, 37.95418761023933],
          [126.967731768159965, 37.954196487417327],
          [126.967698792891255, 37.954200119090928],
          [126.96768260920706, 37.95420235263564],
          [126.967666753177028, 37.954205035130038],
          [126.967651360555536, 37.954208351428193],
          [126.967636612443997, 37.954212548105936],
          [126.9676227472401, 37.954217949805042],
          [126.967609992251965, 37.95422479841158],
          [126.967598116893711, 37.954232846587502],
          [126.967586885383056, 37.954241772324032],
          [126.967576118620514, 37.954251330944551],
          [126.967565682350653, 37.954261338989404],
          [126.967545429982238, 37.954282196083213],
          [126.967476309105479, 37.954357636445089],
          [126.967456131972057, 37.954378748845578],
          [126.967445773033276, 37.954389016155609],
          [126.967435127558289, 37.954398978999649],
          [126.967424080352444, 37.954408516251775],
          [126.967412477737597, 37.95441746631159],
          [126.967400117360143, 37.954425616342157],
          [126.967387099230393, 37.954432664298942],
          [126.96737334884908, 37.954438939485172],
          [126.967359059201783, 37.954444645184644],
          [126.967344377790909, 37.954449936776264],
          [126.967329415898533, 37.954454931491888],
          [126.967314256462686, 37.95445971672072],
          [126.967283573006611, 37.954468899199476],
          [126.967190684782764, 37.954495559333864],
          [126.967159901951703, 37.954504668224772],
          [126.967129507834755, 37.954514251775343],
          [126.967114568367265, 37.954519359833462],
          [126.967099892689731, 37.954524792651519],
          [126.967085578647129, 37.954530671262802],
          [126.967071754393359, 37.954537154156945],
          [126.967058595290339, 37.95454432709392],
          [126.967045920773089, 37.954552098049959],
          [126.967033604020074, 37.9545603103359],
          [126.967021547946516, 37.954568844004811],
          [126.967009679174808, 37.954577608404733],
          [126.966974716493866, 37.954604692989356],
          [126.966894023042329, 37.954668990949529],
          [126.966870693638853, 37.954687055547076],
          [126.966858876548969, 37.954695916953646],
          [126.966846900577124, 37.95470460047212],
          [126.966834704227111, 37.954713037436854],
          [126.966822206131638, 37.954721136969155],
          [126.966809299989734, 37.954728780310106],
          [126.966795502701089, 37.954736071176193],
          [126.966781276746971, 37.954742883024046],
          [126.966766736775114, 37.954749344143636],
          [126.966751969946557, 37.95475555204542],
          [126.966722001326346, 37.954767482650219],
          [126.966630993495997, 37.954802013044066],
          [126.966600883177477, 37.954813716527674],
          [126.966571306216693, 37.954825918907751],
          [126.966556874631834, 37.954832354729724],
          [126.966542809114443, 37.954839134190294],
          [126.96652924504518, 37.954846384818865],
          [126.966516358867565, 37.954854273043125],
          [126.966504487856952, 37.954862766341996],
          [126.966493213808278, 37.954871827535875],
          [126.966460743687946, 37.954900395939084],
          [126.966449704158265, 37.954909788672012],
          [126.966438212554337, 37.954918818513221],
          [126.966425685986152, 37.95492762036266],
          [126.966412604054, 37.954935966283806],
          [126.966399111732855, 37.954943974410689],
          [126.966385320409628, 37.954951735722815],
          [126.966357156906369, 37.954966776843612],
          [126.966314179685284, 37.954988726864883],
          [126.965895714155181, 37.955198216829679],
          [126.965867181749672, 37.955212984673153],
          [126.965853076803043, 37.955220527571086],
          [126.965839142840849, 37.955228238827281],
          [126.965825448201883, 37.955236185551442],
          [126.96581208321939, 37.955244456416501],
          [126.965799369986726, 37.955252951642095],
          [126.965786976668753, 37.95526176180676],
          [126.965762831041687, 37.955280015447158],
          [126.965727467613021, 37.95530824793353],
          [126.965657435122978, 37.955365365572554],
          [126.965633771969834, 37.955383976879403],
          [126.965621741367912, 37.955393020920155],
          [126.965609497140221, 37.955401783573087],
          [126.965596951630545, 37.95541014887263],
          [126.965583988010437, 37.955417962238812],
          [126.965570452573374, 37.955425020305015],
          [126.965556218938445, 37.955431159454484],
          [126.96554141387341, 37.955436543623406],
          [126.965526191630929, 37.955441376721524],
          [126.965510669478135, 37.95544581375993],
          [126.965479054270773, 37.955453934315436],
          [126.965414827984333, 37.955468863794096],
          [126.965124274797333, 37.955534227103875],
          [126.965092122337623, 37.95554165610735],
          [126.965060361354489, 37.955549523468456],
          [126.965044768239025, 37.955553777223898],
          [126.965029486782086, 37.955558377209144],
          [126.965014647734762, 37.955563467968318],
          [126.965000425653415, 37.955569242359061],
          [126.964987050380643, 37.95557595418407],
          [126.964974788530995, 37.955583751724511],
          [126.964963361965232, 37.955592475267174],
          [126.964952543339535, 37.955601874984012],
          [126.964942159585874, 37.95561176063606],
          [126.964932081012975, 37.955621989411185],
          [126.964922212233688, 37.955632455701142],
          [126.964893284458171, 37.955664618549875],
          [126.964864892336479, 37.95569725263951],
          [126.96484638533002, 37.955719173736156],
          [126.964837392337941, 37.955730220107412],
          [126.964828684006349, 37.955741360934539],
          [126.964820382710442, 37.955752638508031],
          [126.964812652133745, 37.955764109693106],
          [126.964805707660702, 37.955775849288187],
          [126.964799813329549, 37.955787719797712],
          [126.964794681578198, 37.955799853836879],
          [126.964790104172636, 37.955812182011044],
          [126.964785921689455, 37.955824651362256],
          [126.964778291966198, 37.95584986375659],
          [126.96477116986793, 37.955875277014826],
          [126.964754326150825, 37.955938937651247],
          [126.964748426737813, 37.95596416363761],
          [126.96474596491268, 37.955976632038116],
          [126.964744038892221, 37.955988946808695],
          [126.964742878879079, 37.956001046290098],
          [126.964742792719576, 37.95601284852232],
          [126.964744186611767, 37.956024245818654],
          [126.964747589461908, 37.956035098488407],
          [126.964753072233535, 37.956044800069606],
          [126.96476035156951, 37.956054032098642],
          [126.964768920624209, 37.956062947507576],
          [126.964778366362196, 37.956071677877361],
          [126.964808758438721, 37.956097916357848],
          [126.964818672565016, 37.956107062956981],
          [126.964828904397109, 37.956117420376117],
          [126.964838640351005, 37.956128148559877],
          [126.96484799392357, 37.956139152377126],
          [126.964865898610711, 37.956161710457664],
          [126.964891605097876, 37.956196274341117],
          [126.964916703029132, 37.95623116584715],
          [126.965033172336931, 37.956422549175244],
          [126.965054234351129, 37.956450932028915],
          [126.965090027801679, 37.956475920832176],
          [126.965105298493725, 37.956499650707514],
          [126.965230295544245, 37.956580088461443],
          [126.965220307939902, 37.956617772913965],
          [126.965183135202835, 37.956676455855373],
          [126.96522674056439, 37.956740643451077],
          [126.965315174199787, 37.956755906278026],
          [126.965437200640295, 37.956755380811401]
        ]
      }
    },
    {
      "type": "Feature",
      "properties": {
        "PMNTN_SN": 1124,
        "MNTN_CODE": "414800101",
        "MNTN_NM": "감악산",
        "PMNTN_NM": "객현리구간",
        "PMNTN_MAIN": null,
        "PMNTN_LT": 2.4,
        "PMNTN_DFFL": "쉬움",
        "PMNTN_UPPL": 42,
        "PMNTN_GODN": 30,
        "PMNTN_MTRQ": null,
        "PMNTN_CNRL": null,
        "PMNTN_CLS_": null,
        "PMNTN_RISK": null,
        "PMNTN_RECO": null,
        "DATA_STDR_": "2016-12-31",
        "MNTN_ID": "2140140100"
      },
      "geometry": {
        "type": "LineString",
        "coordinates": [
          [126.957820729939769, 37.958168132119425],
          [126.958484750303199, 37.95792627522512],
          [126.958577549027211, 37.957892668420911],
          [126.958732558172983, 37.957836939103636],
          [126.958763252920079, 37.957825450592225],
          [126.958778403308472, 37.957819498909288],
          [126.958793334604351, 37.95781331889718],
          [126.958807950061072, 37.957806811709759],
          [126.958822119297025, 37.957799844546408],
          [126.958835669100225, 37.957792241497408],
          [126.958847991008184, 37.957784185028558],
          [126.95885972272211, 37.957775528402649],
          [126.95887100977906, 37.957766425882298],
          [126.958881956861319, 37.957756992569799],
          [126.958892633451285, 37.957747311179169],
          [126.958913299389749, 37.957727404040774],
          [126.958923279012637, 37.957717223349754],
          [126.958932967835764, 37.957706888652766],
          [126.958942284051375, 37.957696374312889],
          [126.958951107962946, 37.957685634736826],
          [126.958959275311173, 37.957674602317972],
          [126.958966950157986, 37.957662730951654],
          [126.95897392980811, 37.957650554823765],
          [126.95898040888072, 37.957638160795973],
          [126.958992413823367, 37.95761296204806],
          [126.959009274712457, 37.957574678221469],
          [126.959064461478107, 37.957446556589701],
          [126.959115666762528, 37.957331386102609],
          [126.95912679077324, 37.957305831761019],
          [126.959137051334778, 37.957280360393213],
          [126.959141535571391, 37.957267685809846],
          [126.959145311895469, 37.957255077872631],
          [126.95914807656375, 37.957242565024238],
          [126.959149422030833, 37.957230185457796],
          [126.959148809126802, 37.957217989724917],
          [126.959145884842442, 37.957206266247816],
          [126.959141070990881, 37.95719472000642],
          [126.959134877715229, 37.957183303024919],
          [126.959127693021671, 37.957171978780494],
          [126.959119808020773, 37.957160719828714],
          [126.959111438209533, 37.957149505800082],
          [126.959084783551205, 37.957116003338278],
          [126.958993243941293, 37.957004382744621],
          [126.958864360061568, 37.956845984636836],
          [126.958837816597438, 37.956813000700997],
          [126.958822459625637, 37.956793049424249],
          [126.958816242357116, 37.956784333509049],
          [126.958811564250695, 37.956776937515365],
          [126.958809029648833, 37.956771373536142],
          [126.958809433478933, 37.956768313716239],
          [126.958813422009911, 37.956768300181551],
          [126.958820354735138, 37.956770784106943],
          [126.958829439774831, 37.956775081563109],
          [126.958840077798314, 37.956780664534669],
          [126.958890932438052, 37.956808872810171],
          [126.958904740869485, 37.956816160616981],
          [126.958918826785094, 37.956823125745899],
          [126.958933196493803, 37.956829541119056],
          [126.958947898141133, 37.956835137741983],
          [126.958963021555491, 37.95683958439151],
          [126.958978952993562, 37.956842664156135],
          [126.958995297645686, 37.956844536970138],
          [126.959011932657432, 37.956845527609929],
          [126.959028767675505, 37.956845883929176],
          [126.959045737434991, 37.956845792631313],
          [126.959079910536275, 37.95684478611124],
          [126.959114230929103, 37.956843228769429],
          [126.9592344597378, 37.956837107133651],
          [126.95928543549303, 37.956834002642481],
          [126.959302129575676, 37.956832616513509],
          [126.959318544812803, 37.956830884460061],
          [126.959334556121902, 37.956828643814788],
          [126.95934999302554, 37.956825673702106],
          [126.959364626554105, 37.956821678218105],
          [126.959378153635726, 37.956816266358253],
          [126.959389945897698, 37.956809381553093],
          [126.95940069356233, 37.956801157872285],
          [126.959410674542795, 37.956791952232741],
          [126.959420101028982, 37.956782037154227],
          [126.95942913287243, 37.956771617958957],
          [126.959437888916923, 37.956760847326912],
          [126.959454898162605, 37.95673866886824],
          [126.959529561814108, 37.956636558164909],
          [126.959563243932934, 37.956591574342397],
          [126.95958064472201, 37.956569445383849],
          [126.959589630729681, 37.956558556248325],
          [126.959598903803396, 37.956547840985813],
          [126.959608565349342, 37.956537359708136],
          [126.959618790639212, 37.956527070154067],
          [126.959629411295367, 37.956517017615035],
          [126.95965145126965, 37.956497389653002],
          [126.959685598915357, 37.956468591059213],
          [126.959766349136231, 37.956402065630115],
          [126.959788786192163, 37.956382799648253],
          [126.959799634493422, 37.956373012351357],
          [126.959810086327252, 37.956363060202833],
          [126.959819979679168, 37.956352876141736],
          [126.959829098969223, 37.956342370936888],
          [126.959837161116781, 37.95633142740666],
          [126.959843913433076, 37.956319996370858],
          [126.959849615991359, 37.956308130189733],
          [126.959854549354233, 37.956295945114888],
          [126.959858927431668, 37.956283529786262],
          [126.959862911111287, 37.956270950877119],
          [126.959870140786123, 37.956245486955893],
          [126.959876853245092, 37.956219808197552],
          [126.95991561313943, 37.956065100600114],
          [126.959929029108807, 37.956013745470244],
          [126.959936438885322, 37.955988371305899],
          [126.959940540372997, 37.955975855312055],
          [126.959945057550286, 37.955963518442097],
          [126.959950152768556, 37.955951430467223],
          [126.959956040256401, 37.955939683401773],
          [126.959962998883654, 37.955928396959067],
          [126.959971093876774, 37.955917841635596],
          [126.959980177359341, 37.955907709963924],
          [126.9599899255183, 37.955897861309658],
          [126.960020543561171, 37.955868867916301],
          [126.960030416727861, 37.955859036786379],
          [126.960039706846231, 37.955848935026893],
          [126.96004811424784, 37.955838426619216],
          [126.960055346401006, 37.955827498284584],
          [126.960061654717919, 37.955816145964363],
          [126.960067273336819, 37.955804477305676],
          [126.96007238602941, 37.955792576709904],
          [126.960081639653524, 37.955768330015175],
          [126.960103323219869, 37.955707035610629],
          [126.960108032327469, 37.955694940238907],
          [126.960113091001119, 37.95568299995805],
          [126.960118643425673, 37.955671278909236],
          [126.960124874126137, 37.955659859156007],
          [126.960132019080717, 37.955648845648014],
          [126.960140334295673, 37.955638238195363],
          [126.960149562643991, 37.95562803691778],
          [126.960159447363068, 37.955618128140394],
          [126.960169780637074, 37.955608420135604],
          [126.960212400307583, 37.955570198624123],
          [126.960222640391407, 37.955560479500889],
          [126.96023237580151, 37.955550551682357],
          [126.960241378388503, 37.955540319648719],
          [126.960249363121804, 37.955529664392458],
          [126.960256398305049, 37.955517942141022],
          [126.960262314719557, 37.955505754236569],
          [126.960267415626333, 37.955493226773896],
          [126.96027193122724, 37.955480455496712],
          [126.960276033842874, 37.955467512095666],
          [126.960279850731069, 37.955454449529903],
          [126.960286971998855, 37.955428110398415],
          [126.960334179618982, 37.955242617878696],
          [126.960392877046743, 37.955017807067549],
          [126.960403004728548, 37.954978119116141],
          [126.960409278385967, 37.954951618120013],
          [126.960414665946246, 37.954925039002973],
          [126.960416789364544, 37.954911699297099],
          [126.960418338784578, 37.954898908757094],
          [126.960419501435965, 37.954886084086155],
          [126.960421055925167, 37.954860365900345],
          [126.960422019151423, 37.954834593403042],
          [126.960423817349835, 37.954757167239435],
          [126.960424625528105, 37.954705556548625],
          [126.960424359272594, 37.954666920390203],
          [126.960423855397806, 37.954654074439581],
          [126.96042300048083, 37.954641255832065],
          [126.96042166756169, 37.954628474304613],
          [126.96041968750589, 37.954615349456866],
          [126.960417201748726, 37.954602263370383],
          [126.960414345137153, 37.954589205234498],
          [126.960407901088587, 37.954563141778344],
          [126.960393597736498, 37.954511099143311],
          [126.960363799244817, 37.954407026393916],
          [126.960356909763092, 37.954381063844131],
          [126.960353818257062, 37.95436812181206],
          [126.960351119878425, 37.954355224332318],
          [126.960348989417071, 37.954342391778887],
          [126.960347663647511, 37.95432965173876],
          [126.960347458927004, 37.954317041065899],
          [126.960348792090272, 37.954304608322779],
          [126.960351996447685, 37.954292404487362],
          [126.960356734497012, 37.954280377659074],
          [126.960362588838379, 37.954268478792301],
          [126.96036924227046, 37.954256670561108],
          [126.960376457052604, 37.954244924968989],
          [126.960384057482855, 37.954233221364369],
          [126.960399940370095, 37.954209885114182],
          [126.960440990069671, 37.954151712445046],
          [126.960466059127427, 37.954117076734178],
          [126.960483369812678, 37.954094401633618],
          [126.960492407825129, 37.954083315871969],
          [126.960501849840156, 37.954072490757149],
          [126.960511852252608, 37.954062023974274],
          [126.960522720138187, 37.954051835391347],
          [126.960534166859702, 37.954042015377468],
          [126.96054603218758, 37.954032462358796],
          [126.960570565693516, 37.954013869735704],
          [126.960595683454486, 37.953995652300613],
          [126.960748161088276, 37.953887472818707],
          [126.960900116229539, 37.953778621796594],
          [126.96092577032519, 37.953760749009078],
          [126.960938767065457, 37.953751986861427],
          [126.960951942229443, 37.953743416350967],
          [126.960965101636802, 37.953735243157958],
          [126.960991974615482, 37.953719610146443],
          [126.961005652130524, 37.953712178889894],
          [126.961019495999793, 37.953705074831532],
          [126.961033533967864, 37.953698396866812],
          [126.961047814998082, 37.953692289852441],
          [126.961062412582407, 37.953686954875408],
          [126.961077429142748, 37.953682661887271],
          [126.961092468124448, 37.953679705401576],
          [126.961107897752029, 37.953677729530824],
          [126.961123615925899, 37.953676476438979],
          [126.961139544115923, 37.953675746718517],
          [126.961171803928465, 37.953675276341549],
          [126.961236921075397, 37.953675621986783],
          [126.961253161169907, 37.953675532998602],
          [126.961269323889269, 37.953675204907867],
          [126.961285365904757, 37.953674520722657],
          [126.96130123076297, 37.953673330105694],
          [126.961316844273682, 37.953671438242026],
          [126.961332109156245, 37.953668593159378],
          [126.961347174850104, 37.953664520567585],
          [126.9613618720349, 37.953659462620998],
          [126.961376288215462, 37.953653673470349],
          [126.961390479682976, 37.953647342733341],
          [126.961404473054856, 37.953640606578645],
          [126.961418264998755, 37.953633556506524],
          [126.961431819847689, 37.95362624575457],
          [126.961445064802561, 37.953618693369336],
          [126.9614578823752, 37.95361088602273],
          [126.961470099682174, 37.953602777656812],
          [126.961481474168082, 37.95359428703653],
          [126.961491675364542, 37.953585293309629],
          [126.961500262415242, 37.953575629736882],
          [126.961506639019206, 37.953565528195831],
          [126.961511222792396, 37.953554835870371],
          [126.961514129288275, 37.95354375028819],
          [126.961515339862146, 37.953532436811649],
          [126.961514702339926, 37.953521038648645],
          [126.961511913099926, 37.953509046006786],
          [126.961507481956673, 37.953497107852826],
          [126.961502014755894, 37.953485225093665],
          [126.96149000199523, 37.953461626250274],
          [126.961484396854303, 37.953449913136303],
          [126.96147971608174, 37.95343826352358],
          [126.961476535093411, 37.953426686264834],
          [126.961475545671192, 37.953415194790381],
          [126.961477289683671, 37.953403828213013],
          [126.961481293403082, 37.953392539708894],
          [126.961486957166116, 37.953381308178777],
          [126.961493817422564, 37.953370116181944],
          [126.961501517235519, 37.95335894861104],
          [126.961509780367791, 37.953347791364692],
          [126.961544584819691, 37.953302938120252],
          [126.9615529179123, 37.953291551587945],
          [126.961560759027492, 37.953280022720868],
          [126.961567881484427, 37.953268294106749],
          [126.961574001491101, 37.953256290714791],
          [126.961578855496356, 37.95324405763197],
          [126.961582709031447, 37.953231552983397],
          [126.961585824256218, 37.953218849302928],
          [126.961588401798309, 37.953206001818089],
          [126.961592510981433, 37.953180030539741],
          [126.961597344029272, 37.953140730483192],
          [126.961608513030882, 37.953035525407088],
          [126.961613003686367, 37.952996163750555],
          [126.961616575923003, 37.952970080559858],
          [126.961618721069271, 37.952957137044017],
          [126.961621245997975, 37.952944297449569],
          [126.961624302776215, 37.952931603581831],
          [126.961628093494099, 37.952919111065718],
          [126.961632883054804, 37.9529068928925],
          [126.96163897152509, 37.952894853140684],
          [126.96164608003032, 37.952883093762637],
          [126.961653931931181, 37.952871538868848],
          [126.961662314202897, 37.952860130410812],
          [126.961671062440729, 37.952848824184791],
          [126.961716381217627, 37.952792848253743],
          [126.96172507578467, 37.952781617483261],
          [126.961733363972783, 37.952770323343721],
          [126.961741058992473, 37.952758934453392],
          [126.961747915737064, 37.952747410098652],
          [126.96175361265793, 37.952735697036275],
          [126.96175773097319, 37.952723725841018],
          [126.961759938345338, 37.952711507774033],
          [126.961760653735283, 37.952699036740093],
          [126.961760369554554, 37.952686384121982],
          [126.961757411726765, 37.952647837958018],
          [126.961756872272503, 37.952634912968655],
          [126.96175714730316, 37.952621995949961],
          [126.961758514258591, 37.952609168695837],
          [126.96176080558692, 37.952596367664015],
          [126.961763788998894, 37.952583587792503],
          [126.961767284890939, 37.952570824685665],
          [126.961775300029288, 37.95254533440368],
          [126.961788690170451, 37.952507148737617],
          [126.961812034302014, 37.952443518304165],
          [126.961821101000339, 37.952418036905584],
          [126.96182946520581, 37.95239252124545],
          [126.961833153366257, 37.952379746849978],
          [126.961836319805172, 37.952366959803285],
          [126.961838757813169, 37.952354159576529],
          [126.961840194205195, 37.952341346738912],
          [126.961840412940973, 37.952329179844739],
          [126.961839653252866, 37.952317038509619],
          [126.961838086271612, 37.952304962331496],
          [126.96183581762638, 37.952292998593926],
          [126.961832893001116, 37.952281205602858],
          [126.961829301491548, 37.952269656576561],
          [126.961824976799591, 37.952258444132859],
          [126.961819796516465, 37.952247685366018],
          [126.961813579990292, 37.952237527406439],
          [126.961806719802766, 37.952228609766003],
          [126.961792082252245, 37.952211719686176],
          [126.961785520580577, 37.952203217567551],
          [126.961780322959257, 37.952194322562612],
          [126.961776681688761, 37.952183471202993],
          [126.961775074601121, 37.952171954556675],
          [126.96177497226023, 37.952159942493871],
          [126.961775967705833, 37.952147566551851],
          [126.961777752602288, 37.952134927101767],
          [126.961780096524109, 37.952122099699999],
          [126.961785828428091, 37.952096090616486],
          [126.961795660623991, 37.952056654222616],
          [126.961830032331633, 37.951924706419],
          [126.961836591099697, 37.951898365682112],
          [126.961842518044904, 37.951872087228907],
          [126.961845026565172, 37.951858990299094],
          [126.961847043854476, 37.951845938104164],
          [126.961848364105563, 37.951832948861117],
          [126.961848711514477, 37.951820047051456],
          [126.961847721757465, 37.951807265070876],
          [126.961845149608422, 37.951794817701376],
          [126.961841274422468, 37.951782487030442],
          [126.961836446563865, 37.951770241831156],
          [126.961830932546519, 37.951758058365947],
          [126.961818593916576, 37.951733810113069],
          [126.961805304331989, 37.95170964940359],
          [126.961743284387552, 37.951601142794743],
          [126.961723100624383, 37.951564869688937],
          [126.961710278836819, 37.951540538181192],
          [126.961704230115075, 37.951528285056362],
          [126.961698549269926, 37.951515942687031],
          [126.961693369941429, 37.951503478455777],
          [126.961688807561032, 37.951490888727797],
          [126.961684741795182, 37.951478177527889],
          [126.961681036332337, 37.95146537734513],
          [126.961674316318877, 37.95143960283432],
          [126.961668094817952, 37.951413697301533],
          [126.96165618194604, 37.951361748286978],
          [126.961645008445402, 37.951309816414053],
          [126.961640419399501, 37.951283927358894],
          [126.961638693195226, 37.95127102415816],
          [126.961637561613387, 37.95125816298814],
          [126.961637253881591, 37.951245359187396],
          [126.961638069843204, 37.951232632804526],
          [126.961640117470111, 37.951220598763882],
          [126.961643188184851, 37.951208633905402],
          [126.961647005969809, 37.951196718370269],
          [126.96165604199787, 37.951172972161636],
          [126.961675491566965, 37.951125458736563],
          [126.961679869564932, 37.951113497541797],
          [126.961683750206447, 37.951101468011231],
          [126.961686930639758, 37.951089345511129],
          [126.961689319899349, 37.951076645782088],
          [126.961690927142641, 37.95106384946908],
          [126.961691934568975, 37.951050986594225],
          [126.961692472349995, 37.951038082478092],
          [126.961692625288293, 37.951025159512064],
          [126.961691915106456, 37.950999342419799],
          [126.961691026437819, 37.950986494214284],
          [126.961689700475958, 37.950973722740507],
          [126.961687822855694, 37.950961062854944],
          [126.96168522999389, 37.950948558108344],
          [126.961681701486754, 37.950936263224762],
          [126.961677309178498, 37.950924734518203],
          [126.961672219663143, 37.950913368057662],
          [126.961661445040249, 37.950890793730331],
          [126.961656480802461, 37.950879428515407],
          [126.961652304565476, 37.950867901530721],
          [126.961649094511245, 37.950855572325175],
          [126.961646901083597, 37.950843030959639],
          [126.961645469231101, 37.950830330922166],
          [126.961644601118508, 37.95081751370364],
          [126.961643987025909, 37.950791647022371],
          [126.961644240669344, 37.950765602076302],
          [126.961646627701199, 37.950674108121703],
          [126.96164662981505, 37.95064804882405],
          [126.961646245866078, 37.950635068617125],
          [126.961645462468539, 37.950622139418542],
          [126.961644128322732, 37.950609280311198],
          [126.961642045363845, 37.950596516270146],
          [126.961639038848034, 37.950583811603231],
          [126.961635278436518, 37.950571202568476],
          [126.961630964990619, 37.950558663766166],
          [126.961626251617204, 37.950546175832912],
          [126.961616055819931, 37.950521298097449],
          [126.961599808122415, 37.950484104351382],
          [126.961544473281634, 37.950360281972557],
          [126.961533791494873, 37.950335454638761],
          [126.96152367629962, 37.950310531287663],
          [126.961518990552193, 37.950298006294986],
          [126.961514683234952, 37.950285416752287],
          [126.961510891542943, 37.950272739195746],
          [126.96150766068132, 37.950259662389605],
          [126.961504964669984, 37.950246494214134],
          [126.961500626653461, 37.950219977609152],
          [126.961495473195413, 37.950179970161621],
          [126.961466276243627, 37.949925898793914],
          [126.961463717701889, 37.94989917786171],
          [126.961462734738305, 37.949885827474752],
          [126.961462067586581, 37.949872487931714],
          [126.961461843433227, 37.949859163732214],
          [126.96146223029541, 37.949845860873751],
          [126.961463342807917, 37.949832777750089],
          [126.961465049719763, 37.949819714836956],
          [126.961469633103576, 37.949793625682055],
          [126.961477994883595, 37.949754527302026],
          [126.961493077830255, 37.949689385724533],
          [126.961502615608779, 37.94965044839428],
          [126.961509692732193, 37.949624749536319],
          [126.961513685048018, 37.949612061203958],
          [126.961518157482558, 37.94959954206562],
          [126.961523299630798, 37.949587258093175],
          [126.961529360380567, 37.94957529593642],
          [126.961536352849095, 37.949564005349025],
          [126.961544228213825, 37.949553023709157],
          [126.961552755521879, 37.949542270278911],
          [126.961561757577158, 37.94953168309128],
          [126.961580680424333, 37.949510830571143],
          [126.961639809767036, 37.949449100036638],
          [126.961659082405973, 37.949428369632436],
          [126.961668385959157, 37.949417887824431],
          [126.961677338635667, 37.94940728318943],
          [126.961685804151514, 37.9493965081436],
          [126.961693603373575, 37.949385500177705],
          [126.96170050318581, 37.949374177985852],
          [126.961706558771667, 37.949361932435565],
          [126.961711643313606, 37.949349347433184],
          [126.961716019194853, 37.949336514354066],
          [126.96171988612268, 37.949323502857183],
          [126.961726661372367, 37.949297143923538],
          [126.961742056207584, 37.949230762975475],
          [126.961745439685117, 37.949217630906247],
          [126.9617491415394, 37.949204640391237],
          [126.961753311720116, 37.949191857747159],
          [126.961758150467176, 37.949179371883226],
          [126.961763924201264, 37.949167301304591],
          [126.961770984115446, 37.949155802339838],
          [126.961779385260286, 37.949145259996222],
          [126.961789017820081, 37.94913526498042],
          [126.961799551887665, 37.949125670446705],
          [126.96181073590256, 37.949116364423318],
          [126.961822380583897, 37.949107262651466],
          [126.961846527148865, 37.949089438155063],
          [126.961871265291734, 37.94907187320797],
          [126.96198355902456, 37.948993177698483],
          [126.96211989091708, 37.948896493049865],
          [126.962144981353291, 37.948879429141066],
          [126.962157700909003, 37.948871164911772],
          [126.96217060568793, 37.948863183517801],
          [126.962183769621461, 37.948855596831258],
          [126.962197290264527, 37.948848552461129],
          [126.962211294679818, 37.948842242601827],
          [126.96222524928082, 37.948837030441574],
          [126.962239632485932, 37.94883246591661],
          [126.962254308589451, 37.9488283402357],
          [126.962299005530625, 37.948816901211408],
          [126.962313803918377, 37.948812888499077],
          [126.962328385999584, 37.948808508051641],
          [126.9623426354255, 37.948803569413627],
          [126.962357221936131, 37.948797588020469],
          [126.962371414774438, 37.948790950437754],
          [126.962385315509763, 37.948783826616634],
          [126.962399002273244, 37.94877634713022],
          [126.962412534510221, 37.948768611184235],
          [126.962439304094218, 37.948752650781813],
          [126.962518998075055, 37.948703737283068],
          [126.962545892417893, 37.948687950319403],
          [126.962559539752306, 37.948680373731996],
          [126.962573396363283, 37.948673128749689],
          [126.96258754260532, 37.948666342971762],
          [126.96260208381716, 37.948660183774237],
          [126.962616727690488, 37.948654911739204],
          [126.962631750003055, 37.948650239798411],
          [126.962647051951308, 37.948646010807089],
          [126.962662557035557, 37.948642103388643],
          [126.96269395233756, 37.948634900082588],
          [126.962772927445045, 37.948617808247064],
          [126.962803928736861, 37.948610271423469],
          [126.962819070818, 37.948606058536306],
          [126.962833839613353, 37.948601382628084],
          [126.962848094446215, 37.948596069544244],
          [126.962861652306074, 37.948589892961969],
          [126.962874404639479, 37.948582647386871],
          [126.96288645784054, 37.948574535066989],
          [126.962897998296398, 37.948565785870009],
          [126.962909170272056, 37.948556577623762],
          [126.962920085273382, 37.948547047679213],
          [126.962973371010293, 37.948497730140524],
          [126.962984173857677, 37.948488031465018],
          [126.962995170424961, 37.948478568819084],
          [126.963006447895978, 37.948469452278253],
          [126.963018117483401, 37.948460823107837],
          [126.96303032212478, 37.948452863890701],
          [126.963043245080655, 37.948445809971687],
          [126.963056623158224, 37.948440004326024],
          [126.963070662593751, 37.948435047023146],
          [126.963085168713789, 37.948430705548347],
          [126.963099976557999, 37.94842679126333],
          [126.963159324796734, 37.948412506149467],
          [126.963173399799359, 37.948408615888937],
          [126.963186753689399, 37.948404296780268],
          [126.963199085554649, 37.948399347054611],
          [126.963210011998513, 37.94839351446543],
          [126.963219045159192, 37.948386480962832],
          [126.963226203205565, 37.948377363532799],
          [126.963231329924909, 37.948366918457644],
          [126.96323510864292, 37.948355544665496],
          [126.963238110738615, 37.948343560235905],
          [126.963243758813093, 37.948318758383508],
          [126.963247352908965, 37.948306361679052],
          [126.963252141563785, 37.948294230058494],
          [126.963258168332075, 37.948283108330386],
          [126.96326542580961, 37.948272316896031],
          [126.963273609193934, 37.948261779922539],
          [126.963282479990042, 37.948251436587022],
          [126.96329185317957, 37.948241238446798],
          [126.963311566671436, 37.948221130767692],
          [126.963352415620363, 37.948181338900163],
          [126.963372490953546, 37.948161280994398],
          [126.963382182897647, 37.948151106462454],
          [126.963391502206932, 37.948140774029177],
          [126.963400304831453, 37.94813022146333],
          [126.963408405905568, 37.94811936870493],
          [126.963416030220699, 37.948107531775115],
          [126.963422885547303, 37.948095365070785],
          [126.963429182558002, 37.948082959146191],
          [126.963440700226244, 37.948057686361757],
          [126.9634514301015, 37.948032075643383],
          [126.963461824371052, 37.948006319050933],
          [126.96350815878148, 37.947890201479701],
          [126.963523257202127, 37.947851472647564],
          [126.963532643039983, 37.947825562258714],
          [126.963536917448408, 37.94781254875371],
          [126.963540756087326, 37.947799474028088],
          [126.963543993375453, 37.947786314605437],
          [126.963546479856305, 37.94777314138399],
          [126.963548368884375, 37.947759883040973],
          [126.963550955150353, 37.947733192233216],
          [126.963552615419744, 37.947706357065279],
          [126.963556116216992, 37.947625497381665],
          [126.963557795286135, 37.947598564416793],
          [126.96355899903952, 37.947585148339058],
          [126.963560599217061, 37.947571796346509],
          [126.963562762385394, 37.947558543315267],
          [126.963565710823502, 37.947545437642134],
          [126.963569405706139, 37.947533201584086],
          [126.963573860648779, 37.94752114055089],
          [126.963578931733892, 37.947509257524139],
          [126.963584532551181, 37.947497576878554],
          [126.963590631079128, 37.947486147621682],
          [126.963597249188709, 37.947475048108828],
          [126.963604465004082, 37.947464392463345],
          [126.963612418261661, 37.947454338905587],
          [126.963621318710622, 37.947445100132292],
          [126.963631457449893, 37.947436955760232],
          [126.9636434786389, 37.947429924605245],
          [126.963656781897583, 37.94742404667771],
          [126.963671018639559, 37.947419012546199],
          [126.963685924350898, 37.947414586709989],
          [126.963701301032216, 37.947410592360548],
          [126.963717002463127, 37.947406898514231],
          [126.963748983640116, 37.947400056066485],
          [126.96386241239496, 37.947377624062945],
          [126.963910758573292, 37.947367677458232],
          [126.963942653848179, 37.947360530810833],
          [126.963958421033425, 37.947356662629211],
          [126.963974008027009, 37.9473524938807],
          [126.963989350464672, 37.947347913501488],
          [126.964004363559155, 37.947342775699688],
          [126.964019047744003, 37.947336934068701],
          [126.964033402328425, 37.947330533011325],
          [126.964047515935377, 37.947323723295362],
          [126.964075279056601, 37.947309318727918],
          [126.964143869762225, 37.947271976167798],
          [126.964171664573925, 37.947257717149974],
          [126.964185809143473, 37.947251041765035],
          [126.964200210874424, 37.947244838173766],
          [126.964214964997865, 37.947239280906516],
          [126.96423010994134, 37.947234521529538],
          [126.964245606659773, 37.947230407083246],
          [126.96426136173514, 37.947226766055365],
          [126.964277303969993, 37.947223467716356],
          [126.964309549770718, 37.947217531486402],
          [126.964374701796118, 37.947206857337761],
          [126.964554575981566, 37.947178698871397],
          [126.964587054536423, 37.947173229042711],
          [126.964603161300076, 37.947170294158347],
          [126.96461912184833, 37.947167139082339],
          [126.964634872259865, 37.947163667802954],
          [126.96465032623594, 37.947159750661463],
          [126.964665368844976, 37.947155214949532],
          [126.964679849111633, 37.947149833770773],
          [126.964693874698739, 37.947143306547254],
          [126.964707321542278, 37.947135909311591],
          [126.96472034746013, 37.947127879361936],
          [126.964733071989414, 37.947119396451484],
          [126.964745584395274, 37.9471105948302],
          [126.964770217689392, 37.947092403804724],
          [126.964794582057635, 37.947073810072176],
          [126.964927894457375, 37.946970565429638],
          [126.9649765277277, 37.946933245621189],
          [126.965001113284103, 37.946914924115333],
          [126.965013568344659, 37.946905966243399],
          [126.965026198900432, 37.946897227550473],
          [126.965039078626617, 37.946888799961613],
          [126.965052306223114, 37.94688080666603],
          [126.965066012031684, 37.946873410382572],
          [126.965079940048611, 37.946866900699661],
          [126.965094325954212, 37.946860962168927],
          [126.965109047486735, 37.946855441658016],
          [126.965124011297306, 37.946850222131545],
          [126.965154402445009, 37.946840355255127],
          [126.965185129229312, 37.94683089505066],
          [126.96538602352355, 37.946770643454968],
          [126.96541701437846, 37.946761884971544],
          [126.965432550671338, 37.94675777521185],
          [126.965448127875604, 37.946753949556353],
          [126.96546375961357, 37.94675051912256],
          [126.965479462839099, 37.946747629662809],
          [126.965495258344887, 37.946745469875829],
          [126.965510118784479, 37.94674423868387],
          [126.965525024265986, 37.946743591992465],
          [126.965569416308838, 37.94674297802738],
          [126.965583874134907, 37.94674255500253],
          [126.965598014887377, 37.946741684462019],
          [126.965611721006439, 37.94674013402976],
          [126.965624847969281, 37.946737635725626],
          [126.96563645260666, 37.946734319768559],
          [126.965658751555836, 37.946726403893628],
          [126.965669937581055, 37.94672276449468],
          [126.965681475379839, 37.946719997623433],
          [126.965695589761594, 37.946718362379492],
          [126.965710338149776, 37.946718178477234],
          [126.965725562407641, 37.946719075882548],
          [126.965741137114904, 37.946720764731992],
          [126.96575696232054, 37.946723018016719],
          [126.965772956606713, 37.946725655605924],
          [126.965821280479688, 37.946734476364512],
          [126.965853088992759, 37.94673981579087],
          [126.965868598229193, 37.946741850572977],
          [126.965883661998973, 37.946743158131461],
          [126.965898089591263, 37.946743423181545],
          [126.965911630528581, 37.946742232757117],
          [126.965923958207696, 37.946739048770148],
          [126.965935036980454, 37.946733287394778],
          [126.965944857641688, 37.946725455675832],
          [126.965953768566649, 37.946716123022149],
          [126.965962037121116, 37.946705722709048],
          [126.965969868615218, 37.946694581745795],
          [126.965977422875724, 37.946682946385572],
          [126.96600723776254, 37.94663466531923],
          [126.966015143120899, 37.946622746391078],
          [126.966023497153174, 37.946611106842525],
          [126.966032490749001, 37.946599879435624],
          [126.96604236872345, 37.946589227601578],
          [126.966052875613983, 37.946579662553425],
          [126.966064212038489, 37.946570640911737],
          [126.966076162690641, 37.946562023949944],
          [126.966088560510514, 37.946553703621738],
          [126.96611420760388, 37.946537635649996],
          [126.966179510874866, 37.946498429048482],
          [126.966192189447909, 37.946490415031654],
          [126.966204510209693, 37.946482222009941],
          [126.966216317116661, 37.946473771132602],
          [126.966227405551109, 37.946464960120529],
          [126.966237508041999, 37.946455656250336],
          [126.966246277817362, 37.946445688360534],
          [126.966253632047767, 37.946434585806259],
          [126.966259597939967, 37.946422796055245],
          [126.966264567137245, 37.946410518241592],
          [126.966268849111685, 37.946397914072946],
          [126.966272693696055, 37.946385120261006],
          [126.96628363418462, 37.946346845074999],
          [126.96628773841843, 37.946334581651975],
          [126.966292455368261, 37.946322865067721],
          [126.966298093052686, 37.946311949645562],
          [126.966305044503102, 37.946302165930177],
          [126.966313815375457, 37.946293943321642],
          [126.966324933519658, 37.946287574102506],
          [126.966337914854833, 37.946282799966511],
          [126.966352255206402, 37.94627918817924],
          [126.966367571669153, 37.94627640996643],
          [126.966383576489946, 37.946274217708755],
          [126.966400054748718, 37.946272425360398],
          [126.966416845637426, 37.946270891868913],
          [126.966467985946579, 37.946266826203896],
          [126.96650186078773, 37.946263683578415],
          [126.966518462178144, 37.946261672119078],
          [126.966534674695623, 37.946259165844481],
          [126.966550327292339, 37.946255952798474],
          [126.966565193929767, 37.946251752140341],
          [126.966578976804854, 37.946246194188596],
          [126.966591406452366, 37.946238993930507],
          [126.966602730802194, 37.946230434327859],
          [126.966613216672769, 37.946220875126201],
          [126.966623050746463, 37.946210584944289],
          [126.966632350851185, 37.946199759268026],
          [126.966641173925112, 37.946188535321795],
          [126.966649520543186, 37.946177003905774],
          [126.966657336048016, 37.946165218495914],
          [126.966664508434704, 37.946153202002641],
          [126.966670863257349, 37.946140951636707],
          [126.966676156030616, 37.946128442375958],
          [126.966679808036005, 37.946117131776496],
          [126.966682741991605, 37.946105694872159],
          [126.966687765483684, 37.946082878860871],
          [126.966690483278498, 37.94607173580971],
          [126.966693778176861, 37.946060955319794],
          [126.966698025880078, 37.946050712347038],
          [126.966703664262639, 37.946041223054493],
          [126.966710919472135, 37.946032809674819],
          [126.966719650810816, 37.946025292836296],
          [126.966729569509951, 37.946018639362094],
          [126.96674046514363, 37.946012878674836],
          [126.966752196304341, 37.946008105274089],
          [126.966764683080115, 37.946004483062666],
          [126.966779314353076, 37.946001960948493],
          [126.966794594764238, 37.946000703789686],
          [126.966810337240446, 37.946000371965845],
          [126.966826402728515, 37.946000707434848],
          [126.966842688840657, 37.946001516015826],
          [126.966859120552812, 37.946002652339146],
          [126.966958340851946, 37.946011541189641],
          [126.966974659853946, 37.946012751849864],
          [126.966990792898997, 37.9460136672093],
          [126.967006658972366, 37.946014150922416],
          [126.967022148644261, 37.946014020446391],
          [126.967037115162853, 37.946013032211553],
          [126.967051363821312, 37.946010863976205],
          [126.967064639517474, 37.946007094225273],
          [126.967077108968084, 37.946001170465998],
          [126.967088553981057, 37.945993559192111],
          [126.967099254353201, 37.945984721293009],
          [126.967109422044444, 37.945975005925327],
          [126.96711921540637, 37.94596467394345],
          [126.967128751138603, 37.945953917590842],
          [126.96714736489092, 37.945931650978707],
          [126.967238753552934, 37.945817551921479],
          [126.967312283849751, 37.945726964305742],
          [126.967524346834011, 37.945467498469846],
          [126.967663376210623, 37.945298551334908],
          [126.967681457687647, 37.945275882162889],
          [126.967698694668996, 37.945252947728662],
          [126.967706739499377, 37.945241300275192],
          [126.967714190043921, 37.945229466078565],
          [126.967720822260432, 37.945217374715078],
          [126.967726377381553, 37.945205155203318],
          [126.967731134208918, 37.94519268487867],
          [126.967735307671816, 37.945180031357474],
          [126.967739061130629, 37.945167246041457],
          [126.967742517069922, 37.945154367477137],
          [126.967748874537804, 37.945128437026696],
          [126.967772372918958, 37.945024107328933],
          [126.967781590229748, 37.944985068612993],
          [126.967788317995243, 37.944959167712575],
          [126.967792005663355, 37.944946285422425],
          [126.967796015728965, 37.944933470579137],
          [126.967800423109949, 37.944920720091631],
          [126.967805152291376, 37.94490803677899],
          [126.967815250096152, 37.944882803760891],
          [126.967831232159611, 37.944845129062031],
          [126.967984691024057, 37.944494342354865],
          [126.96799511359616, 37.944469228699631],
          [126.968004617410486, 37.944444017075575],
          [126.968008758179934, 37.944431345804837],
          [126.968012274264979, 37.944418607438664],
          [126.96801493795715, 37.94440577735061],
          [126.968016527434699, 37.944393273622808],
          [126.968017322157124, 37.944380683959281],
          [126.968017540699094, 37.944368031517691],
          [126.968017356948138, 37.944355334460788],
          [126.968015116186407, 37.944304349197481],
          [126.968014560607827, 37.944278866553965],
          [126.968014827340355, 37.944266157854194],
          [126.96801566640471, 37.944253484987492],
          [126.968017224876192, 37.944240743072605],
          [126.968019376550444, 37.944228038732405],
          [126.968021967256902, 37.944215362154118],
          [126.968024878122634, 37.944202705728536],
          [126.968031321105784, 37.94417743152264],
          [126.968048932275423, 37.944114339507152],
          [126.968067336931611, 37.944051374059804],
          [126.96807522115833, 37.944026325668666],
          [126.968079430703639, 37.944013871300626],
          [126.968083914495949, 37.944001488077099],
          [126.968088772554196, 37.943989201649053],
          [126.968094322268854, 37.943976514363712],
          [126.968106527425945, 37.943951423716904],
          [126.968119610968628, 37.943926555231137],
          [126.968140008919562, 37.943889436739518],
          [126.968195465612013, 37.943790665442194],
          [126.968208821205991, 37.943765937621116],
          [126.968215165105093, 37.943753552612648],
          [126.968221134639606, 37.943741144605184],
          [126.968226560693083, 37.943728703619385],
          [126.968231213260736, 37.943716216058682],
          [126.968234783867317, 37.943703663664003],
          [126.96823686462902, 37.943691022272347],
          [126.968237129773115, 37.943678401006139],
          [126.968235928717391, 37.94366569205733],
          [126.968233656967328, 37.943652918756733],
          [126.968230614215457, 37.943640098749064],
          [126.96822702440241, 37.943627245186626],
          [126.968218819302479, 37.943601473456283],
          [126.968209890590913, 37.943575653385381],
          [126.968186925559237, 37.943511057132625],
          [126.968178203240612, 37.943485272211085],
          [126.968174154939859, 37.943472418481591],
          [126.968170450551, 37.943459608714981],
          [126.96816724057868, 37.94344686322053],
          [126.968164730217268, 37.943434209770551],
          [126.968163195732174, 37.943421685844513],
          [126.968163004192363, 37.943409341349309],
          [126.968164636569867, 37.943397241823597],
          [126.968168197893988, 37.943386107647754],
          [126.968173355936145, 37.94337518971836],
          [126.968179641191043, 37.943364426179109],
          [126.968186663046126, 37.94335376662459],
          [126.968208901653114, 37.94332201533426],
          [126.968215675919865, 37.943311391482297],
          [126.968221559161563, 37.943300688642054],
          [126.968226122263445, 37.943289865482441],
          [126.96822884153444, 37.943278873073432],
          [126.968229279103682, 37.943267257129641],
          [126.968227703954312, 37.943255451244084],
          [126.968224634045953, 37.943243498731832],
          [126.968220467179464, 37.943231433075987],
          [126.968215505563748, 37.943219280361895],
          [126.968209977130698, 37.943207061614324],
          [126.968206145615326, 37.943156116378901],
          [126.968224156944586, 37.943098722227909],
          [126.968244631046957, 37.943081274631488],
          [126.968271117385697, 37.943072610685881],
          [126.968284715876194, 37.943073583752827],
          [126.96829764370905, 37.943073234335316],
          [126.968308643393286, 37.943071607506262],
          [126.968330444228229, 37.943067017654336],
          [126.968342793391599, 37.943065243570807],
          [126.968355749467378, 37.943064021713063],
          [126.968382565229462, 37.943062205706006],
          [126.968395996966848, 37.943061092005046],
          [126.968409156317989, 37.943059464397038],
          [126.968421806438755, 37.943056994786645],
          [126.968433678742713, 37.943053298867717],
          [126.968444391778533, 37.943048201395115],
          [126.968454393446478, 37.943041974816381],
          [126.968463983679428, 37.943035048675974],
          [126.968483002557093, 37.943020606585321],
          [126.968492940099992, 37.943013796220001],
          [126.968504191132482, 37.943007185952148],
          [126.968526934917804, 37.942995224939914],
          [126.968537419916046, 37.942989236414256],
          [126.968546557755957, 37.942982800562916],
          [126.968553672150307, 37.942975545397047],
          [126.968558512493701, 37.942966677975392],
          [126.968561548301551, 37.942956822280351],
          [126.968564010193688, 37.942946308123702],
          [126.968567081038827, 37.942935407894332],
          [126.96857163091191, 37.942924437655996],
          [126.968577545289719, 37.942913373085126],
          [126.968584489847345, 37.942902253269494],
          [126.968592202117122, 37.94289110466439],
          [126.968600479267678, 37.942879944722115],
          [126.968618148436278, 37.942857630960063],
          [126.968646106724108, 37.94282423831698],
          [126.968684325351632, 37.942779885076057],
          [126.968770846606233, 37.942680513735858],
          [126.968799011090027, 37.942647224665841],
          [126.968816763990063, 37.942624706297295],
          [126.96882502519145, 37.942613249626078],
          [126.968832649903121, 37.942601588483569],
          [126.968839398702613, 37.942589646060497],
          [126.96884495533611, 37.942577652401752],
          [126.968849672471265, 37.942565388534113],
          [126.968853776462893, 37.942552926525408],
          [126.968860791092283, 37.942527614700843],
          [126.968869784242955, 37.942489154995954],
          [126.968877942980271, 37.942450498583128],
          [126.968882873613438, 37.942424715141037],
          [126.968886937659107, 37.942398953424387],
          [126.968888393862869, 37.942386087347273],
          [126.968889258159365, 37.942373235240026],
          [126.968889311803267, 37.942360401097297],
          [126.96888838272713, 37.942347633626305],
          [126.968886645574656, 37.94233488359027],
          [126.96888431505127, 37.942322146696242],
          [126.968878488272679, 37.942296699749861],
          [126.968871776516266, 37.942271274432436],
          [126.968864650110262, 37.942245860321783],
          [126.968831734341151, 37.942131532199831],
          [126.968824786477782, 37.942106123886617],
          [126.968818460802126, 37.942080709864229],
          [126.968815722530593, 37.942067998946115],
          [126.968813429584472, 37.942055283931538],
          [126.968811758429524, 37.942042563199891],
          [126.968810944917223, 37.942029834586108],
          [126.968811191929319, 37.942016991298537],
          [126.968812327220917, 37.942004139848571],
          [126.968814118929473, 37.941991282365841],
          [126.968816389508831, 37.941978420481306],
          [126.968821864061326, 37.941952688129668],
          [126.96883126219727, 37.941914078687361],
          [126.968867595060317, 37.94177249342917]
        ]
      }
    },
    {
      "type": "Feature",
      "properties": {
        "PMNTN_SN": 1125,
        "MNTN_CODE": "414800101",
        "MNTN_NM": "감악산",
        "PMNTN_NM": "신암리구간",
        "PMNTN_MAIN": null,
        "PMNTN_LT": 1.11,
        "PMNTN_DFFL": "쉬움",
        "PMNTN_UPPL": 20,
        "PMNTN_GODN": 14,
        "PMNTN_MTRQ": null,
        "PMNTN_CNRL": null,
        "PMNTN_CLS_": null,
        "PMNTN_RISK": null,
        "PMNTN_RECO": null,
        "DATA_STDR_": "2016-12-31",
        "MNTN_ID": "2140140100"
      },
      "geometry": {
        "type": "LineString",
        "coordinates": [
          [126.96827105399187, 37.939261491150823],
          [126.968248725423777, 37.939263990608346],
          [126.968233529129591, 37.939260472385683],
          [126.968218363085526, 37.939256254379835],
          [126.968203221036276, 37.939251540629463],
          [126.968188097984523, 37.939246481969462],
          [126.968157893996619, 37.93923573854758],
          [126.968007217417778, 37.939179508315547],
          [126.967977036230423, 37.939168714735523],
          [126.967946731793845, 37.939158657522832],
          [126.967931493830307, 37.939154122665073],
          [126.967916165953469, 37.939150098878578],
          [126.967900713302853, 37.939146780606151],
          [126.967885090178342, 37.939144423280226],
          [126.967868991515161, 37.939143222046219],
          [126.967852717383877, 37.939143008196467],
          [126.967836315451294, 37.939143513521458],
          [126.967819821870023, 37.93914453450742],
          [126.967786660801721, 37.939147554175598],
          [126.967753374811963, 37.939151273662958],
          [126.96772003614528, 37.93915528305368],
          [126.967386212791382, 37.939196296597721],
          [126.967353075829266, 37.939199775243857],
          [126.967336662778507, 37.939201149948566],
          [126.967320420709598, 37.939202123734432],
          [126.967304423692823, 37.939202522912275],
          [126.967288771459067, 37.939202113497984],
          [126.967273596524507, 37.939200584429244],
          [126.96725907257435, 37.939197527785403],
          [126.96724581904823, 37.93919282458301],
          [126.967233160809698, 37.939186711833244],
          [126.967220921992009, 37.939179588912495],
          [126.967208958483397, 37.939171778438549],
          [126.967173556972838, 37.939146738710264],
          [126.967161562973232, 37.939138594323872],
          [126.967149279712643, 37.939130934572809],
          [126.967136565009724, 37.939124037308488],
          [126.967123246245549, 37.939118239701578],
          [126.967109074158969, 37.939113789954817],
          [126.967094301809524, 37.939110555884518],
          [126.967079118658901, 37.939108305824149],
          [126.967063684590258, 37.939106893774806],
          [126.967048140309686, 37.939106252934046],
          [126.967032617362236, 37.939106392585778],
          [126.967017247856532, 37.939107398578791],
          [126.967002174045874, 37.939109437382136],
          [126.966987557876777, 37.939112763450623],
          [126.966974372422754, 37.939117237110935],
          [126.966961594786412, 37.939122747372949],
          [126.966949085230354, 37.939128953460695],
          [126.966911977203281, 37.939148916062685],
          [126.966899376447131, 37.939155138882775],
          [126.966886464012461, 37.939160674919286],
          [126.966873103083799, 37.939165183976478],
          [126.966857922396784, 37.939168622542617],
          [126.966842235087, 37.939170759438241],
          [126.966826231501344, 37.939171892225502],
          [126.966810092545416, 37.93917222815243],
          [126.966794005545935, 37.939171893829929],
          [126.966778182233625, 37.939170941102425],
          [126.966762879680019, 37.939169348595783],
          [126.966748425262026, 37.939167018567488],
          [126.966735246893435, 37.939163768743548],
          [126.96672390980126, 37.939159318889217],
          [126.966715160947217, 37.93915327203301],
          [126.966709932053078, 37.93914593108601],
          [126.966707111962947, 37.939137232502169],
          [126.966706207553855, 37.939127568547292],
          [126.966706876923979, 37.939117265363144],
          [126.966708914843068, 37.939106603527698],
          [126.966712244227665, 37.939095837865018],
          [126.966716914191935, 37.93908521695527],
          [126.966723104923688, 37.939075002944641],
          [126.966731438692804, 37.939064954043161],
          [126.966741338757345, 37.939055623241721],
          [126.966752469624851, 37.939047010305742],
          [126.966764612186594, 37.939039182696],
          [126.966777652261783, 37.939032289349917],
          [126.966792797248914, 37.939026483195946],
          [126.966810273364786, 37.939022191081783],
          [126.9668298185087, 37.939019054261443],
          [126.966850481309066, 37.939016881059636],
          [126.966871322883378, 37.939015484881509],
          [126.966891417806423, 37.939014692638516],
          [126.966909849622112, 37.939014345500176],
          [126.966927281467136, 37.939014339922686],
          [126.966948316252783, 37.939014333188929],
          [126.966949420588321, 37.939004431151197],
          [126.966949948138762, 37.938993681972541],
          [126.966949624103492, 37.938980557439578],
          [126.96694782242615, 37.938966175019154],
          [126.966943885184463, 37.938951670431635],
          [126.966937109649493, 37.938938205036571],
          [126.966926972874802, 37.938926725778884],
          [126.96691429606534, 37.938917651818947],
          [126.966900282219541, 37.938911070026037],
          [126.966885699929904, 37.938906251871018],
          [126.966870475069101, 37.938901824465717],
          [126.966838906701213, 37.938893611917244],
          [126.966806624196337, 37.938885812263884],
          [126.966660072849137, 37.938851515440426],
          [126.966595149612672, 37.938836057862396],
          [126.966546758151864, 37.938823918611277],
          [126.966514853960561, 37.938815115415331],
          [126.966499097444114, 37.938810319144785],
          [126.966483811771042, 37.938805272002384],
          [126.966468663014453, 37.938799943803353],
          [126.966438633945671, 37.938788716117962],
          [126.966379054293981, 37.938765068667159],
          [126.966230336570391, 37.938704075445358],
          [126.966200838893187, 37.938692678491904],
          [126.966186252458073, 37.938687492574637],
          [126.966171847033451, 37.938682874518342],
          [126.966157702556799, 37.938679073339507],
          [126.966143926626472, 37.938676424624397],
          [126.96613066221353, 37.938675374683491],
          [126.966118096790439, 37.93867650914337],
          [126.966106462723602, 37.938680265591238],
          [126.96609552062435, 37.938686181336848],
          [126.966085087937998, 37.938693683023239],
          [126.966075025399931, 37.938702332976192],
          [126.966065228127931, 37.938711801442331],
          [126.966055618032826, 37.938721843034727],
          [126.966036744140609, 37.938742972576712],
          [126.965980809275237, 37.938808689612777],
          [126.96596178788306, 37.938830131809254],
          [126.965952044187461, 37.93884054153876],
          [126.965942051674446, 37.938850626159287],
          [126.965931708788531, 37.938860258510388],
          [126.965920879669426, 37.938869268320957],
          [126.965909384729002, 37.938877430106928],
          [126.965896989640271, 37.938884449100605],
          [126.96588348352968, 37.938890099005135],
          [126.965869086043, 37.938894617540321],
          [126.965854046126594, 37.938898317888764],
          [126.965838562021943, 37.938901448178122],
          [126.965822795006986, 37.93890420844825],
          [126.965775116390091, 37.938911866907794],
          [126.965759521940385, 37.938914708650252],
          [126.965744322004554, 37.93891797291397],
          [126.965729710007054, 37.938921874658391],
          [126.965715929969249, 37.938926683225965],
          [126.965703292688858, 37.938932740405058],
          [126.965692289107992, 37.938940131065102],
          [126.965682389098319, 37.938948730020378],
          [126.965673305897383, 37.938958224849266],
          [126.965664815446047, 37.938968372211903],
          [126.965656742534094, 37.938978982993],
          [126.96564894845497, 37.938989909162217],
          [126.965626176975476, 37.939023482832667],
          [126.965610559834701, 37.939045611575139],
          [126.965602296859799, 37.939056305587577],
          [126.965593534190006, 37.939066580120603],
          [126.96558407450577, 37.939076263689671],
          [126.965573665642907, 37.939085137503675],
          [126.965561638551236, 37.939093307813387],
          [126.965548586354174, 37.939100582021744],
          [126.965534772550583, 37.939107164353906],
          [126.9655203929251, 37.939113194741765],
          [126.96550558772266, 37.939118756549561],
          [126.965490451497359, 37.939123881695728],
          [126.96547504063399, 37.93912855305495],
          [126.965459378694732, 37.939132704177389],
          [126.96544345982494, 37.939136216488222],
          [126.965427209427389, 37.939138999657921],
          [126.965410751421246, 37.939141182474387],
          [126.965394149141673, 37.939142932909739],
          [126.965377448955522, 37.939144376906597],
          [126.965343878647673, 37.939146692468803],
          [126.965175509274246, 37.939155599968004],
          [126.96512527262351, 37.939158858626357],
          [126.965108638252985, 37.939160243983864],
          [126.965092101319215, 37.939161893851129],
          [126.965075701199595, 37.93916391581773],
          [126.965059490671109, 37.939166453796275],
          [126.965043539410502, 37.939169697529671],
          [126.965028142207402, 37.93917373166969],
          [126.965012996761956, 37.939178453156373],
          [126.964998035375103, 37.939183679681676],
          [126.96498320621248, 37.939189271969212],
          [126.964953797041332, 37.93920115877944],
          [126.964866130387193, 37.939238582961963],
          [126.964836777818689, 37.939250710387441],
          [126.964822024252086, 37.939256516394252],
          [126.964807195445658, 37.939262050311349],
          [126.964792267575163, 37.939267205486544],
          [126.964777210459459, 37.939271840944464],
          [126.96476198620725, 37.939275772177368],
          [126.964746547901029, 37.939278760649756],
          [126.964730389688526, 37.939280671435043],
          [126.964714082051273, 37.939281683201045],
          [126.964665685441375, 37.939282799843618],
          [126.964650301189451, 37.939283610996213],
          [126.964635677440185, 37.939285233524238],
          [126.964622143304396, 37.939288113353513],
          [126.964610122214239, 37.939292799946756],
          [126.964600497033103, 37.939299264448096],
          [126.964592212307707, 37.939307361662486],
          [126.964584878552259, 37.939316623990642],
          [126.964578175177067, 37.939326666930221],
          [126.964559243687617, 37.939358378929377],
          [126.964552523335087, 37.939368534614331],
          [126.964545162981011, 37.939377980487727],
          [126.964536840660642, 37.93938635016805],
          [126.964527165037282, 37.939393201525647],
          [126.964516016849728, 37.939398124800476],
          [126.964503529205459, 37.939401554932765],
          [126.964490052434101, 37.939403898982349],
          [126.964475865089554, 37.939405488430445],
          [126.964461189785808, 37.939406598740597],
          [126.964415911841542, 37.939409345408706],
          [126.964400860040442, 37.939410791764459],
          [126.964386044095804, 37.93941290364333],
          [126.964371604976691, 37.939415977447986],
          [126.964356774285747, 37.939420556857847],
          [126.964342405318575, 37.939426254419168],
          [126.964328381484464, 37.939432776877041],
          [126.964314611716077, 37.939439898021163],
          [126.964301025135669, 37.939447444240898],
          [126.964287566199104, 37.939455281776958],
          [126.964220796411823, 37.939495647456575],
          [126.964207286753677, 37.939503393793665],
          [126.964193612465678, 37.939510798179562],
          [126.964179698657787, 37.939517707976385],
          [126.964165447561314, 37.939523924147004],
          [126.964150731837378, 37.939529187478129],
          [126.964135295494557, 37.939533324042351],
          [126.964119385562043, 37.939536490600936],
          [126.964103131207892, 37.939538951215589],
          [126.964086630274053, 37.939540906000303],
          [126.964069955832528, 37.9395425044859],
          [126.964036286937088, 37.939545043183998],
          [126.96398541857593, 37.939548097603023],
          [126.963713472708989, 37.939563043284238],
          [126.963679573137441, 37.939565096674791],
          [126.963645905759833, 37.939567603987726],
          [126.963629243336243, 37.939569192359102],
          [126.963612767571504, 37.939571145498618],
          [126.963596557848419, 37.939573618519191],
          [126.963580720604, 37.93957681940033],
          [126.963565396538343, 37.939581023073984],
          [126.963550853585957, 37.939586388866616],
          [126.963536814453363, 37.9395927391706],
          [126.963523142245606, 37.939599806495117],
          [126.963509733040553, 37.939607387781493],
          [126.963496509023756, 37.939615330988275],
          [126.963470402209509, 37.939631884383161],
          [126.963328445010134, 37.939726133539047],
          [126.963237904952166, 37.939785798929769],
          [126.963147065869478, 37.939845206778891],
          [126.9630295832998, 37.939921235172932],
          [126.963003707722152, 37.939938232567883],
          [126.962978468496587, 37.939955516173285],
          [126.962966314769531, 37.939964367750555],
          [126.962954665405647, 37.939973446539412],
          [126.962943731263792, 37.939982847615319],
          [126.962933793771171, 37.939992697884264],
          [126.962925223433842, 37.940003164436114],
          [126.962918533606498, 37.940013983940574],
          [126.962913133263271, 37.940025384621023],
          [126.962908686387706, 37.940037214857568],
          [126.962904935223634, 37.940049358364561],
          [126.962901684316193, 37.940061727009372],
          [126.962898786833321, 37.940074254667906],
          [126.962893640919532, 37.940099602576915],
          [126.962881746791851, 37.940163449436874],
          [126.96287638150595, 37.94018877764622],
          [126.96287330670468, 37.940201298414337],
          [126.962869819695257, 37.940213668032349],
          [126.962865760257088, 37.940225827416143],
          [126.962860917141995, 37.94023769856036],
          [126.96285501483834, 37.940249179564482],
          [126.962847446143741, 37.940260723526428],
          [126.962838731002805, 37.940271846839323],
          [126.96282918579432, 37.940282667877135],
          [126.962819049635428, 37.940293275804237],
          [126.96280850029008, 37.940303736219199],
          [126.962786642830139, 37.940324384971589],
          [126.962752929307584, 37.940354943195103],
          [126.962730071482838, 37.940374941549528],
          [126.962718479112553, 37.94038471143039],
          [126.962706710948424, 37.940394225521736],
          [126.962694686017414, 37.940403366765707],
          [126.962682291535629, 37.940411975028546],
          [126.962669374811682, 37.94041983506682],
          [126.962655733292209, 37.94042666207595],
          [126.96264165892147, 37.940432071257696],
          [126.962626894753555, 37.940436499140993],
          [126.962611625546472, 37.940440206938014],
          [126.962595992134695, 37.940443394065916],
          [126.962580100533245, 37.940446210987126],
          [126.962547837752595, 37.940451155123625],
          [126.962449933406418, 37.940464501467481],
          [126.962417491297316, 37.940469429770282],
          [126.962401402257541, 37.940472186449419],
          [126.962385448071714, 37.940475242928464],
          [126.96236967794998, 37.940478709349314],
          [126.962354156313054, 37.940482729524362],
          [126.962338466650905, 37.940487574460299],
          [126.962323036984301, 37.940493001820805],
          [126.962307795955596, 37.940498854564609],
          [126.96227767860799, 37.940511385769604],
          [126.962188573078436, 37.940550975944596],
          [126.962159212573951, 37.940563532100093],
          [126.962144670144696, 37.940569374079871],
          [126.962130273135543, 37.940574753310749],
          [126.962116080261339, 37.940579486215547],
          [126.962102169764762, 37.940583330256331],
          [126.96208864419998, 37.940585968806829],
          [126.96207563582341, 37.940586994441112],
          [126.962065127356269, 37.940586422062594],
          [126.962044634722929, 37.940583862148678],
          [126.962034200597557, 37.940583390724491],
          [126.962021443106778, 37.940584606596936],
          [126.962008226817971, 37.940587482518033],
          [126.96199466196542, 37.940591590355645],
          [126.961980831783123, 37.940596591607644],
          [126.961966796188435, 37.940602218812593],
          [126.961909126486347, 37.940627195307208],
          [126.961894307556605, 37.940633294920737],
          [126.961879257772466, 37.940639033959584],
          [126.961863905676381, 37.940644227391005],
          [126.961848724766327, 37.940648587727161],
          [126.961833264799097, 37.940652403611701],
          [126.961817598142233, 37.940655811270588],
          [126.961785850186487, 37.940661797047767],
          [126.9617376602164, 37.940669630103613],
          [126.961624652296393, 37.940686541115497],
          [126.961592837952622, 37.940691814145708],
          [126.961577218944385, 37.940694742012383],
          [126.961561914447586, 37.940697988067662],
          [126.961547058252719, 37.940701687523479],
          [126.961532829726607, 37.940706021553638],
          [126.961519466287953, 37.940711229929775],
          [126.961507278106069, 37.9407176258945],
          [126.961496328861188, 37.940725618054636],
          [126.961486592140162, 37.940734835007007],
          [126.961477742603776, 37.940744947752719],
          [126.96146953254582, 37.940755705742411],
          [126.961461775891649, 37.940766920721813],
          [126.961454334674158, 37.940778453086828],
          [126.961440022579765, 37.940802089692426],
          [126.961391430273423, 37.940886357348653],
          [126.961377331187464, 37.940910321247806],
          [126.961362859852102, 37.940934090410231],
          [126.961347689131514, 37.940957520780366],
          [126.961339673645767, 37.940969034434929],
          [126.961331273182864, 37.940980379980125],
          [126.961313619737808, 37.941002676323848],
          [126.961295291658843, 37.941024659160753],
          [126.961276630018233, 37.94104648641229],
          [126.961173008093184, 37.941166130461198],
          [126.961079353233686, 37.941275402337808],
          [126.961050875396168, 37.94130777057638],
          [126.96104114494733, 37.941318306844707],
          [126.96103119516458, 37.941328609611631],
          [126.961020931912174, 37.941338578565052],
          [126.961010228909345, 37.941348079092769],
          [126.960998918932461, 37.941356932890272],
          [126.960986783496978, 37.941364906942908],
          [126.960974263596583, 37.941371527900714],
          [126.960961008819879, 37.941377366329867],
          [126.960947243045595, 37.941382661651325],
          [126.960890465310541, 37.941402043135994],
          [126.960876573157989, 37.941407219298455],
          [126.960863103731882, 37.941412849073728],
          [126.96085023955024, 37.941419125799975],
          [126.960837691253218, 37.941426434422453],
          [126.960825692628347, 37.941434306839895],
          [126.960802160758931, 37.941450376614441],
          [126.960790049078156, 37.941457890222253],
          [126.960777293203307, 37.941464556301817],
          [126.960763626977808, 37.94147007758518],
          [126.96074920060741, 37.941474624130727],
          [126.96073420732597, 37.941478445231965],
          [126.960718796906676, 37.941481733957879],
          [126.960703084276119, 37.941484638499645],
          [126.960671082587012, 37.941489722255426],
          [126.960590059590984, 37.941501314215692],
          [126.960558070545247, 37.941506686156785],
          [126.960542372335695, 37.941509842680006],
          [126.960526985592352, 37.94151348821174],
          [126.96051202929516, 37.941517805653774],
          [126.960497658362527, 37.94152303259856],
          [126.960483742165451, 37.94152949016074],
          [126.960470431014102, 37.941536883321952],
          [126.960457562831635, 37.941544957276996],
          [126.960445014735654, 37.941553513371211],
          [126.960432695042257, 37.941562395020512],
          [126.960372751007881, 37.941607618377674],
          [126.960360922753054, 37.941616010854041],
          [126.960349130147506, 37.941623814708237],
          [126.960337376390257, 37.941630778374503],
          [126.960325668461067, 37.941636572747363],
          [126.960314016570933, 37.941640769176615],
          [126.960302433606657, 37.941642814742849],
          [126.960291346097833, 37.941642400729236],
          [126.960280237508812, 37.941640395364537],
          [126.960269003758128, 37.941637752066342],
          [126.960257528680842, 37.941635380486893],
          [126.960245676853276, 37.941634200866702],
          [126.960232910970802, 37.941634987352003],
          [126.960219713614805, 37.941637534156079],
          [126.960206196356395, 37.941641386332265],
          [126.960192442692545, 37.941646181301763],
          [126.960178512878855, 37.941651628688227],
          [126.960121612220433, 37.941675636040486],
          [126.960107106524845, 37.941681258909853],
          [126.96009244473872, 37.941686326354386],
          [126.960077577280131, 37.941690577046593],
          [126.960062435140344, 37.941693689027623],
          [126.9600478732619, 37.941695361004172],
          [126.960033073459158, 37.941696104533371],
          [126.959987883145018, 37.941696408987411],
          [126.959972715686206, 37.941696986690182],
          [126.959956937815875, 37.941698352308563],
          [126.959941173526985, 37.941700394293306],
          [126.959925422291761, 37.941702946396461],
          [126.959909683456758, 37.941705879076565],
          [126.959878243343795, 37.941712516336295],
          [126.959846868009649, 37.941719796484826],
          [126.959800062009762, 37.941731519909055],
          [126.959769254069414, 37.941740001303735],
          [126.95975407962041, 37.941744575867169],
          [126.959739139776929, 37.941749483662328],
          [126.959724520964414, 37.941754844651143],
          [126.959710335885973, 37.941760816311486],
          [126.959696388353521, 37.941767673920957],
          [126.959682885252676, 37.941775153504942],
          [126.959669701181497, 37.941783074901281],
          [126.959656736943245, 37.94179129309417],
          [126.959605632936999, 37.941824874769964],
          [126.959592733418276, 37.941832902927402],
          [126.959579647139734, 37.941840517038074],
          [126.959566282210389, 37.941847526844924],
          [126.959552522689535, 37.941853688148974],
          [126.959538220816285, 37.941858686756255],
          [126.959523615961345, 37.941862206320863],
          [126.959508499176252, 37.941864633951347],
          [126.959493019130548, 37.94186629211643],
          [126.959477297012015, 37.941867444013646],
          [126.959429641797797, 37.941869960087416],
          [126.959413882765148, 37.941871115885213],
          [126.959398339274657, 37.941872762517832],
          [126.959383122080268, 37.941875140192387],
          [126.959368364667043, 37.941878537038605],
          [126.95935461081497, 37.94188299760971],
          [126.959341266165254, 37.941888348309064],
          [126.95932818079639, 37.941894244584766],
          [126.959302264845832, 37.941906423720908],
          [126.959289187475306, 37.941912085157284],
          [126.959275860344775, 37.941917007754171],
          [126.959262140165009, 37.941920789572599],
          [126.959247060746733, 37.941923205293172],
          [126.959231524095031, 37.941924247921918],
          [126.959215671623426, 37.941924253984872],
          [126.959199626111499, 37.94192346729394],
          [126.959183501016796, 37.941922051974885],
          [126.95916741022225, 37.941920102014294],
          [126.959151478490526, 37.94191764700237],
          [126.959135853021891, 37.941914653938156],
          [126.959120716572201, 37.941911025047773],
          [126.959106302591579, 37.941906591618419],
          [126.959092912763438, 37.94190110392946],
          [126.959080937117861, 37.941894217538604],
          [126.959071069921137, 37.941886027300015],
          [126.959062525091511, 37.941876567748736],
          [126.959054956316294, 37.94186618918188],
          [126.959048094201094, 37.941855174417029],
          [126.959041729926113, 37.941843758655523],
          [126.959024157364055, 37.941809134970249],
          [126.959018445583723, 37.941798166296785],
          [126.959012656798023, 37.941787911930419],
          [126.959006701888711, 37.941778722440176],
          [126.959000481298943, 37.94177104745242],
          [126.958993877183175, 37.941765467072251],
          [126.958986745273279, 37.941762727777594],
          [126.958978775050483, 37.941763483096224],
          [126.958970245429242, 37.941767205841856],
          [126.958961298977925, 37.941773109345277],
          [126.958952045760086, 37.941780592035208],
          [126.958942570085654, 37.941789200026669],
          [126.958932936442409, 37.941798595429624],
          [126.958923194638814, 37.941808530258754],
          [126.958903538763451, 37.941829354241889],
          [126.958883866867481, 37.941850793735604],
          [126.958864462730119, 37.941872467856399],
          [126.958845763053901, 37.941894289506706],
          [126.958836898708469, 37.941905284548369],
          [126.958828538996983, 37.941916373852287],
          [126.958820876886335, 37.941927601227377],
          [126.95881416697911, 37.941939024675705],
          [126.958808741516762, 37.94195071882136],
          [126.958804828624466, 37.941962812988756],
          [126.958802095093532, 37.941975125293041],
          [126.958796317356672, 37.942011932116664],
          [126.95879370501244, 37.942023617345463],
          [126.958789899900296, 37.942034659587407],
          [126.958784241379519, 37.942044762367196],
          [126.958776444234118, 37.942053431893505],
          [126.958766719046565, 37.942061153692329],
          [126.958755536560091, 37.942068161607878],
          [126.958743263450359, 37.942074637211675],
          [126.958730181909104, 37.942080719803123],
          [126.958716506530692, 37.942086514969517],
          [126.95870191298043, 37.942092272513349],
          [126.958666106516603, 37.942105374663285],
          [126.958626622250875, 37.942119170378064],
          [126.958563645647985, 37.942140706080572],
          [126.958556155073111, 37.942143344901446],
          [126.958553731439196, 37.942144418354317]
        ]
      }
    },
    {
      "type": "Feature",
      "properties": {
        "PMNTN_SN": 1126,
        "MNTN_CODE": "414800101",
        "MNTN_NM": "감악산",
        "PMNTN_NM": "설마리구간",
        "PMNTN_MAIN": null,
        "PMNTN_LT": 1.47,
        "PMNTN_DFFL": "쉬움",
        "PMNTN_UPPL": 26,
        "PMNTN_GODN": 18,
        "PMNTN_MTRQ": null,
        "PMNTN_CNRL": null,
        "PMNTN_CLS_": null,
        "PMNTN_RISK": null,
        "PMNTN_RECO": null,
        "DATA_STDR_": "2016-12-31",
        "MNTN_ID": "2140140100"
      },
      "geometry": {
        "type": "LineString",
        "coordinates": [
          [126.956575123850968, 37.942459643918532],
          [126.956507730296906, 37.942323732028377],
          [126.95649508912588, 37.942299238209209],
          [126.956481793633856, 37.942275111247476],
          [126.956474708999167, 37.942263292715694],
          [126.956467174860038, 37.942251726205896],
          [126.956459023157521, 37.942240505942848],
          [126.956450033871761, 37.942229755283954],
          [126.956439873347705, 37.942219419097903],
          [126.956428874711563, 37.942209552811292],
          [126.956417277734246, 37.942200021991894],
          [126.956405259754987, 37.94219072721063],
          [126.956392950404719, 37.942181595786643],
          [126.956367805533105, 37.942163627924785],
          [126.956227087576963, 37.942066160073736],
          [126.956099573065643, 37.941977298583822],
          [126.955997785760985, 37.941905970104145],
          [126.955858120872037, 37.941807417721321],
          [126.955832418868923, 37.941790030951154],
          [126.955819387536494, 37.941781648210402],
          [126.955806159290773, 37.94177360466437],
          [126.955792650238621, 37.941766044815068],
          [126.95577874796767, 37.941759162287951],
          [126.955764303948541, 37.941753212918933],
          [126.955749363183671, 37.94174845047052],
          [126.955733890501861, 37.941744604259078],
          [126.955718030257842, 37.94174142565393],
          [126.955701892047841, 37.941738725896464],
          [126.955669088541342, 37.941734234534785],
          [126.955619250914864, 37.941728587797208],
          [126.955302266189591, 37.941695211156649],
          [126.955268990834014, 37.941691466343144],
          [126.955235901510648, 37.941687277739796],
          [126.955219491768176, 37.941684868896047],
          [126.95520322741865, 37.941682125455166],
          [126.955187168582242, 37.941678912876959],
          [126.9551713951669, 37.941675053248794],
          [126.955156689011744, 37.9416706343576],
          [126.955142255936664, 37.94166560946838],
          [126.955128036818707, 37.941660124381151],
          [126.955113992040481, 37.941654285605047],
          [126.955100099725612, 37.941648166096726],
          [126.955072769023914, 37.941635233474372],
          [126.955059371818649, 37.941628430188217],
          [126.955046212283321, 37.941621367238881],
          [126.955033362037952, 37.941613985847937],
          [126.955020919073959, 37.94160619837173],
          [126.955008439838906, 37.941597554017193],
          [126.95499639322459, 37.941588486072938],
          [126.954984661930965, 37.941579109497077],
          [126.954961813340361, 37.941559752472251],
          [126.954928324408726, 37.941529923794562],
          [126.954839945197946, 37.94144944888204],
          [126.954817592578607, 37.941430012896738],
          [126.954806258842282, 37.941420706275068],
          [126.954794752341826, 37.941411852504693],
          [126.954782997906577, 37.941403648654251],
          [126.954770893723193, 37.941396360719935],
          [126.954758303793653, 37.941390342932117],
          [126.954745048993672, 37.941386060584833],
          [126.954731448769422, 37.941383928048943],
          [126.954717219683275, 37.941383426303894],
          [126.954702525801295, 37.941384116770003],
          [126.954687492560168, 37.941385656430199],
          [126.954672214291563, 37.941387776293112],
          [126.954609771655456, 37.941398266039087],
          [126.954593975208169, 37.941400630875229],
          [126.954578125088005, 37.94140259107504],
          [126.954562217215923, 37.941403963596265],
          [126.954545633491094, 37.94140461623401],
          [126.954528998741324, 37.941404614679158],
          [126.954512329985718, 37.941404128374103],
          [126.954478935923802, 37.941402191505389],
          [126.954445511601065, 37.941399510249305],
          [126.954412084559678, 37.941396473028036],
          [126.954128212652506, 37.941369222764649],
          [126.953894191647976, 37.941347729489408],
          [126.953860942540061, 37.941344325852924],
          [126.953828063781032, 37.941340243105977],
          [126.953811880017142, 37.941337733479777],
          [126.953795963788124, 37.941334734069144],
          [126.953780418723582, 37.94133105542852],
          [126.953765380867949, 37.941326448920748],
          [126.953750785398086, 37.941320637912277],
          [126.953736704067794, 37.941313886644743],
          [126.953722991681104, 37.941306460893799],
          [126.953709534898763, 37.941298568508252],
          [126.953696243953402, 37.941290374681259],
          [126.953656669335928, 37.941265279861398],
          [126.953643365811743, 37.94125714293672],
          [126.953629888801089, 37.941249345336644],
          [126.953616146823705, 37.941242064302081],
          [126.95360202412472, 37.941235524959005],
          [126.953587372283422, 37.941230016614071],
          [126.953572659721459, 37.941225911605869],
          [126.953557447554275, 37.941222777836607],
          [126.953541865189422, 37.941220360753682],
          [126.953526012102813, 37.94121846446339],
          [126.953509964013605, 37.941216939689795],
          [126.953477498185094, 37.941214580125106],
          [126.953412020633195, 37.941210812851345],
          [126.953379399036024, 37.941208713150594],
          [126.953347173753997, 37.941205998347556],
          [126.953331334498785, 37.941204245725054],
          [126.953315777755179, 37.941202103644471],
          [126.953300609119978, 37.94119944367359],
          [126.953285966415308, 37.941196102350467],
          [126.953272027331224, 37.941191874249668],
          [126.953258805266699, 37.941186615339078],
          [126.953233752384733, 37.94117521192328],
          [126.953221277381573, 37.941170360334034],
          [126.953208420126671, 37.941167016974141],
          [126.953194480165521, 37.941165746891997],
          [126.953179976516253, 37.941166349331645],
          [126.953165073826128, 37.94116834685029],
          [126.953149911998025, 37.941171386473414],
          [126.953134615528796, 37.941175219427528],
          [126.953119303194171, 37.941179685120545],
          [126.953104098175459, 37.941184699723763],
          [126.953089138884508, 37.941190249379645],
          [126.953074590811852, 37.941196387896227],
          [126.95306065970766, 37.941203238693959],
          [126.953047606280876, 37.941211000658789],
          [126.953035833040431, 37.941219684665228],
          [126.953024927306231, 37.941229212958888],
          [126.953014656033019, 37.941239348547995],
          [126.953004841730376, 37.941249913142606],
          [126.952986085184605, 37.941271835914129],
          [126.952959009486463, 37.941305620514022],
          [126.952878969132158, 37.941407578230688],
          [126.952745276106626, 37.94157669206038],
          [126.952727038790329, 37.94159891753042],
          [126.952717693586578, 37.941609855524845],
          [126.952708103071714, 37.941620603945189],
          [126.952698164597436, 37.941631083135782],
          [126.952687741133829, 37.941641186682048],
          [126.952676652257992, 37.941650774382502],
          [126.952664926404879, 37.941659609442993],
          [126.952652551366356, 37.941667942110271],
          [126.952639701068421, 37.941675908364019],
          [126.952613072503453, 37.941691130804273],
          [126.952585749170765, 37.941705828863547],
          [126.952558111466288, 37.941720290977813],
          [126.952488608749746, 37.941755897625953],
          [126.95246070856669, 37.941769648169306],
          [126.952446711604722, 37.941776260319699],
          [126.952432663288747, 37.941782594273278],
          [126.952418542209827, 37.941788540029002],
          [126.952404320630578, 37.941793952901243],
          [126.952389963217172, 37.94179864513471],
          [126.952375425692509, 37.941802376548218],
          [126.952361875392853, 37.941804832706673],
          [126.952334722738215, 37.941808510489068],
          [126.952321395135527, 37.941810671317967],
          [126.952308432324969, 37.941813689827953],
          [126.952295104006467, 37.941818274935962],
          [126.952282206204501, 37.941824023268872],
          [126.95226958179272, 37.941830581166833],
          [126.952231973176822, 37.941852265839252],
          [126.952219067954957, 37.941859324840266],
          [126.95220571756083, 37.941865875443277],
          [126.952191665253807, 37.941871763143858],
          [126.952177122078027, 37.941877034445611],
          [126.952162214632622, 37.94188184522595],
          [126.952147040640497, 37.941886316923231],
          [126.952116172385828, 37.941894594183005],
          [126.952084915256449, 37.941902371868139],
          [126.951990481748055, 37.941924869933118],
          [126.951927470879625, 37.941939632480697],
          [126.951895939579259, 37.941946666468397],
          [126.95188015030682, 37.941949966694388],
          [126.951864333449365, 37.941953032725706],
          [126.951848476392655, 37.941955767990002],
          [126.951832562555452, 37.941958044644494],
          [126.951816570384011, 37.941959695628732],
          [126.951799898513016, 37.941960605647978],
          [126.951783142781892, 37.941960850160669],
          [126.951766326187837, 37.941960611764429],
          [126.951732575321955, 37.941959203406569],
          [126.951681800574036, 37.941955933713878],
          [126.951546160127748, 37.941945850381082],
          [126.951444191623565, 37.94193810380856],
          [126.951307796591237, 37.941927356580187],
          [126.951274107247144, 37.941925254439305],
          [126.951257546143651, 37.941924595711896],
          [126.951241307100432, 37.941924380816218],
          [126.951225538378338, 37.941924812758003],
          [126.951210441644278, 37.941926167499624],
          [126.951196287418952, 37.941928815010357],
          [126.95118343349651, 37.941933244348036],
          [126.951172440717059, 37.941939658492245],
          [126.951162690973504, 37.94194777727872],
          [126.951153849121226, 37.941957143649176],
          [126.951145660089026, 37.941967409191378],
          [126.951137932871248, 37.941978311932232],
          [126.951130527173206, 37.941989657597929],
          [126.951123342676681, 37.942001304243036],
          [126.951109388317406, 37.942025123050215],
          [126.951095804821108, 37.942049273936746],
          [126.951082647191214, 37.942073550815564],
          [126.951076331842387, 37.942085720938302],
          [126.951070295459616, 37.942097919960396],
          [126.951064654601225, 37.942110162484418],
          [126.951059566235557, 37.942122470256507],
          [126.951055237591163, 37.942134872860244],
          [126.951051937801253, 37.942147408805944],
          [126.951049950972603, 37.942159461624207],
          [126.951048855212747, 37.942171627622145],
          [126.951048359896006, 37.94218386262343],
          [126.951048049402914, 37.942220580417086],
          [126.951047572927322, 37.942232682627463],
          [126.951046491253848, 37.942244630503083],
          [126.951044494609704, 37.94225635587636],
          [126.951041207817553, 37.942267773724573],
          [126.951035980756089, 37.942279496646087],
          [126.951029280561116, 37.942290873659168],
          [126.95102149861944, 37.942301998337953],
          [126.951012932923064, 37.942312940676921],
          [126.951003806135517, 37.942323751031182],
          [126.950994280676042, 37.942334463126656],
          [126.950984470761696, 37.942345096074234],
          [126.950964265603915, 37.942366132724899],
          [126.950943422463595, 37.942386731699251],
          [126.950932712068351, 37.94239675108593],
          [126.950921725506674, 37.942406475083857],
          [126.950910358017083, 37.9424157822598],
          [126.950898463550246, 37.942424509144509],
          [126.950885846072666, 37.942432439734404],
          [126.950872367923594, 37.942439388911872],
          [126.950858169756032, 37.942445545221538],
          [126.950843448806438, 37.942451125179332],
          [126.950828354634524, 37.94245629330414],
          [126.950797464397283, 37.942465853755031],
          [126.950766079349407, 37.942474860454872],
          [126.950734493290952, 37.942483614313957],
          [126.950702833548945, 37.942492193980264],
          [126.95067112557166, 37.942500490252954],
          [126.950639318293497, 37.942508171446335],
          [126.950623340008022, 37.942511592232066],
          [126.95060727985441, 37.942514576519962],
          [126.950591103922932, 37.942516959368596],
          [126.9505747085, 37.942518613298134],
          [126.950558194685755, 37.94251965950663],
          [126.950541595224081, 37.942520263576853],
          [126.950524934849199, 37.942520551214301],
          [126.950491500087338, 37.942520529185032],
          [126.950273399977604, 37.942516788254224],
          [126.950071492641072, 37.942514410850286],
          [126.950037971142692, 37.942513382313216],
          [126.950021337507664, 37.94251249136807],
          [126.950004852092661, 37.942511191545556],
          [126.94998858597738, 37.942509311520304],
          [126.949972636104405, 37.942506623113154],
          [126.949958484505856, 37.942503296742345],
          [126.949944694544541, 37.942499207978479],
          [126.949931289372913, 37.942494454886216],
          [126.949918325718926, 37.942489082782444],
          [126.949905898047874, 37.942483085701703],
          [126.949894144162002, 37.942476406037187],
          [126.949883252242756, 37.942468932357407],
          [126.949872542652344, 37.942459796278875],
          [126.949862804331502, 37.942449823362765],
          [126.949853772438459, 37.94243924702193],
          [126.949845245825927, 37.94242824319187],
          [126.949829145902328, 37.94240544106151],
          [126.949813725032897, 37.942382090163122],
          [126.949791097303702, 37.942346712716684],
          [126.949768869692619, 37.942311201352965],
          [126.949754538097579, 37.942287398603227],
          [126.949741108418479, 37.94226332425832],
          [126.94973508826952, 37.942251438138463],
          [126.949723897160595, 37.942227404002807],
          [126.949713477672518, 37.942203149135395],
          [126.949703686097436, 37.942178749223451],
          [126.949694696465528, 37.942154207624831],
          [126.949690655861914, 37.942141866257124],
          [126.949687057039995, 37.942129459272678],
          [126.949684049849566, 37.942116965885241],
          [126.949681725916648, 37.942104177726534],
          [126.949680006668117, 37.942091299633795],
          [126.949678733004205, 37.942078352302161],
          [126.949677068373774, 37.942052307851235],
          [126.94967573334263, 37.94201300320281],
          [126.949674012052654, 37.941934433736563],
          [126.949672996730769, 37.941908967136079],
          [126.949672202404685, 37.941896653396491],
          [126.949671094601129, 37.941884793378968],
          [126.949669538993462, 37.941873576518219],
          [126.949667354574842, 37.941863256089839],
          [126.949664300400045, 37.941854166623123],
          [126.949660059780712, 37.94184674443634],
          [126.949654222018282, 37.941841550979682],
          [126.949647110826319, 37.941839080905922],
          [126.949638735687472, 37.941838236529499],
          [126.949620065707506, 37.941838237152851],
          [126.9496106012528, 37.941837562801105],
          [126.949601579264652, 37.941835391707308],
          [126.949592473612682, 37.941830533184771],
          [126.949584171961135, 37.941823484975053],
          [126.949576481604552, 37.941814805993324],
          [126.949569249785128, 37.941804929240931],
          [126.949562356225144, 37.941794186120156],
          [126.949555705924965, 37.941782827994281],
          [126.949549222445668, 37.941771044679797],
          [126.949517162657472, 37.941709852577183],
          [126.949510346469978, 37.941697742595849],
          [126.949503163921648, 37.941685865367738],
          [126.949495453831091, 37.941674329959341],
          [126.949487004168788, 37.941663274947288],
          [126.949477537841929, 37.941652878405201],
          [126.949467197789147, 37.941643584775058],
          [126.949455894762579, 37.941634914910935],
          [126.949443880290161, 37.941626708054983],
          [126.949431347735668, 37.941618840203738],
          [126.949405281337349, 37.94160376501673],
          [126.949324516920399, 37.941560237653832],
          [126.949298022017473, 37.941545395995057],
          [126.949285096290183, 37.941537730707516],
          [126.949272503452761, 37.941529811304385],
          [126.94926036640048, 37.941521543035783],
          [126.949248844549956, 37.941512802975012],
          [126.949237889602287, 37.941503330758195],
          [126.949227567403213, 37.941493372861991],
          [126.949217711311306, 37.941483057375073],
          [126.949198920181743, 37.941461720312546],
          [126.949171935471583, 37.941428794517194],
          [126.949119101491192, 37.941362077973828],
          [126.949092404136451, 37.941328939816309],
          [126.949074060557649, 37.941307272023032],
          [126.949064561479886, 37.941296692773129],
          [126.949054723282245, 37.941286377399436],
          [126.949044416975681, 37.941276426296426],
          [126.949033473252911, 37.941266971245355],
          [126.949021517459414, 37.941257949414435],
          [126.949008903796425, 37.941249439428205],
          [126.9489958115918, 37.941241301580419],
          [126.948982376924334, 37.94123342982882],
          [126.948954861018464, 37.94121818770045],
          [126.948926887472538, 37.941203298432384],
          [126.948785962698352, 37.94112965062557],
          [126.948743558064962, 37.941107783564433],
          [126.948715023069425, 37.941093593324325],
          [126.948700594150196, 37.941086729345528],
          [126.948685999654657, 37.941080101160317],
          [126.948671104233341, 37.941073720700096],
          [126.94865604068265, 37.94106757870523],
          [126.948625583155433, 37.941055760940117],
          [126.948594876198541, 37.941044289391918],
          [126.948471450130057, 37.940999038436466],
          [126.948363485365704, 37.940958983536689],
          [126.948332629815312, 37.94094772557046],
          [126.94830172490191, 37.940937023748702],
          [126.948286234728144, 37.940932088267282],
          [126.948270703078734, 37.940927607245108],
          [126.948255112173541, 37.940923774800602],
          [126.948239438247427, 37.940920851016031],
          [126.948223649954755, 37.940919179521856],
          [126.948208083665264, 37.940919026836596],
          [126.948192406695583, 37.940920077842343],
          [126.948176647867825, 37.940922008162495],
          [126.948160828994773, 37.94092457040913],
          [126.948144966308291, 37.940927578356479],
          [126.94812907167146, 37.940930893580671],
          [126.948081269040301, 37.940941800324573],
          [126.947937545761079, 37.940975808706938],
          [126.947905836878718, 37.940983549567633],
          [126.947874575516181, 37.940991818617306],
          [126.947859254059267, 37.940996333535224],
          [126.947844256394632, 37.941001252605908],
          [126.947829708002345, 37.941006735784619],
          [126.947815773571847, 37.941012992575779],
          [126.947802522570967, 37.941020229939951],
          [126.947789890698004, 37.941028248761107],
          [126.947777711099491, 37.94103683814555],
          [126.9477658568306, 37.941045837670174],
          [126.947742767932425, 37.9410646169082],
          [126.947708884584685, 37.941093726825208],
          [126.947596867592935, 37.94119187178682],
          [126.947529444556011, 37.941250495972078],
          [126.947495344341235, 37.941279463369703],
          [126.947472120419462, 37.941298349866223],
          [126.947460230137196, 37.941307551933008],
          [126.947448060971013, 37.941316512152774],
          [126.947435577763102, 37.941325161038314],
          [126.947422814561307, 37.941333568222639],
          [126.947396718524246, 37.941349896749124],
          [126.947356774100285, 37.94137373184509],
          [126.947248824651339, 37.941436271635666],
          [126.947222153863805, 37.941452034347968],
          [126.947196301420504, 37.941468136967977],
          [126.947183964793751, 37.941476431449118],
          [126.947172261100391, 37.941484986283719],
          [126.947161450410036, 37.941493908060409],
          [126.947151878845474, 37.941503338706063],
          [126.947144000870324, 37.941513464646874],
          [126.947138065923554, 37.941524712573845],
          [126.947133897529895, 37.941536685857095],
          [126.947131013966271, 37.94154918706063],
          [126.947129051147712, 37.941562067206952],
          [126.947127737468378, 37.941575215527429],
          [126.947126872530831, 37.941588550835405],
          [126.947125940993914, 37.941615564454295],
          [126.947124658307686, 37.941683807765493],
          [126.947123291605223, 37.94171105852611],
          [126.947122074252277, 37.941724602254716],
          [126.947120291691803, 37.941738047540433],
          [126.947117718947027, 37.941751344328011],
          [126.947114643643658, 37.941762834990406],
          [126.94711085900974, 37.94177415241392],
          [126.947106439508744, 37.9417852734923],
          [126.947101409351035, 37.941796155279619],
          [126.947095742098327, 37.941806731308716],
          [126.947089358359207, 37.941816906796355],
          [126.947082121471695, 37.941826552607353],
          [126.947073831203056, 37.941835497899199],
          [126.947063902645041, 37.941843913423433],
          [126.947052877040889, 37.941851493984487],
          [126.947041015560586, 37.941858339095155],
          [126.947028511574629, 37.941864484480995],
          [126.947015501667053, 37.941869902385882],
          [126.947002074464464, 37.941874499237308],
          [126.946988277337113, 37.941878110565469],
          [126.946974121149125, 37.941880493260832],
          [126.946958923253064, 37.941881464255282],
          [126.946943427624802, 37.941881164918023],
          [126.946927725094568, 37.941879937061046],
          [126.946911883568688, 37.94187804400859],
          [126.946895953889808, 37.941875688504048],
          [126.94687997473288, 37.941873028341291],
          [126.946832027674276, 37.941864399556096],
          [126.946800319634278, 37.941859140574721],
          [126.946784641645806, 37.941857016451948],
          [126.946769146285078, 37.941855451906207],
          [126.946753901764808, 37.941854674816902],
          [126.946738997477738, 37.941854981182246],
          [126.946724549613407, 37.941856753957069],
          [126.946710609310699, 37.941860312305984],
          [126.946697121592791, 37.941865338571318],
          [126.946683962553095, 37.941871440602796],
          [126.946671034176191, 37.941878314060311],
          [126.946658257958816, 37.941885723337144],
          [126.94664556914131, 37.941893484923035],
          [126.946594590189235, 37.941925458039172],
          [126.946581498843884, 37.941933149562779],
          [126.946568119998062, 37.941940501190849],
          [126.946554021002612, 37.941947599563171],
          [126.946539614031551, 37.941954318712298],
          [126.946510182727195, 37.941966981708312],
          [126.946480270436069, 37.941979022597188],
          [126.946435009401554, 37.941996545426079],
          [126.946223126757189, 37.942077116708504],
          [126.946026695189204, 37.942152367594652],
          [126.945981138484868, 37.942169156862242],
          [126.945950443586725, 37.942179536247032],
          [126.945934908888887, 37.942184255585161],
          [126.945919185060816, 37.942188499868678],
          [126.945903177548772, 37.942192176037793],
          [126.945886979820969, 37.942195374451572],
          [126.945870643606426, 37.942198225057403],
          [126.945837702824178, 37.94220325242334],
          [126.94580456334154, 37.942207781133312],
          [126.945754708102157, 37.942214208955001],
          [126.945488555128378, 37.942248074895552],
          [126.9453050154289, 37.942271092242855],
          [126.945271904203622, 37.942275777061944],
          [126.945255539071411, 37.942278408063331],
          [126.945239390090848, 37.942281353439235],
          [126.945223556610131, 37.942284746437402],
          [126.945208173798974, 37.942288765461939],
          [126.94519495921088, 37.942293032127168],
          [126.945182328871496, 37.942297964574529],
          [126.945170407140694, 37.942303589254955],
          [126.945159367693762, 37.942309980282729],
          [126.945149441268043, 37.942317262261206],
          [126.94514039911229, 37.942325948144784],
          [126.945132434939225, 37.94233543930671],
          [126.945125141870733, 37.942345414455872],
          [126.945111136351571, 37.942365672771309],
          [126.945103735518657, 37.942375397609922],
          [126.945095582876021, 37.942384451803477],
          [126.945086258022144, 37.942392483946534],
          [126.945074478745752, 37.942399718693515],
          [126.945061244064476, 37.942405697989074],
          [126.945046939623381, 37.942410754980884],
          [126.945031860108614, 37.942415143980668],
          [126.945016227517172, 37.942419056359526],
          [126.945000206824389, 37.942422634152415],
          [126.944983918975495, 37.942425981323389],
          [126.944950866303756, 37.942432262030898],
          [126.944783712013674, 37.94246195549001],
          [126.944733865069836, 37.942471278150094],
          [126.944701025982894, 37.942478110007727],
          [126.944684839369131, 37.942481898837059],
          [126.944668895292679, 37.942486077405682],
          [126.944653287905837, 37.942490797481305],
          [126.944638141727381, 37.942496259355437],
          [126.944624199185725, 37.942502322461124],
          [126.944610681293284, 37.942509068441375],
          [126.944597475309749, 37.942516315573599],
          [126.944571666194321, 37.942531771726145],
          [126.944520920397892, 37.942563920242442],
          [126.944508165762912, 37.942571750813258],
          [126.944495292983234, 37.942579311945252],
          [126.944482241237012, 37.942586471869575],
          [126.944468933327798, 37.942593060943075],
          [126.94445527004477, 37.942598859442022],
          [126.944441123791947, 37.942603583618066],
          [126.944426056198026, 37.942607068647121],
          [126.944410484426413, 37.942609433775026],
          [126.944394540772933, 37.942610975021992],
          [126.944378325989476, 37.942611917808648],
          [126.944361915841085, 37.942612431607117],
          [126.94434536672054, 37.942612642438796],
          [126.944312007797691, 37.94261250285097],
          [126.944211491688435, 37.942611075848554],
          [126.944178464145722, 37.942611405269069],
          [126.944162237500635, 37.942612052919429],
          [126.944146318822007, 37.942613215474914],
          [126.944130834470187, 37.942615101814226],
          [126.944115952874412, 37.942617990190215],
          [126.944101895597356, 37.942622246474421],
          [126.944089010474485, 37.942628076964276],
          [126.944076929322406, 37.942635242227659],
          [126.944065436874212, 37.942643387219348],
          [126.944054368950219, 37.942652240675436],
          [126.944043602400384, 37.942661598227254],
          [126.94403304672106, 37.942671308151709],
          [126.944012330450093, 37.942691373781173],
          [126.94398182930486, 37.942722235101975],
          [126.943952134046782, 37.942753546299393],
          [126.943933373845326, 37.942774798230687],
          [126.943924588385912, 37.942785640532264],
          [126.943916404839968, 37.942796705086295],
          [126.943909037194814, 37.9428080732566],
          [126.943902446575748, 37.94282022064489],
          [126.943896686040461, 37.942832671182671],
          [126.943891478326762, 37.942845312641204],
          [126.943876909222013, 37.942883401995793],
          [126.943871685943918, 37.942895812083279],
          [126.943865867575965, 37.942907866610511],
          [126.943859128144908, 37.942919388725535],
          [126.943851051771617, 37.942930148756602],
          [126.943841517490199, 37.94293975480312],
          [126.943830637841302, 37.94294859974665],
          [126.943818760791686, 37.942956881295189],
          [126.943806153434949, 37.942964751018373],
          [126.943793018259612, 37.942972323680991],
          [126.943779506970841, 37.942979685153531],
          [126.943765731888163, 37.94298689892296],
          [126.943737695864002, 37.943001055706681],
          [126.943591097116098, 37.94307270029315],
          [126.943581246502589, 37.943077702278977]
        ]
      }
    },
    {
      "type": "Feature",
      "properties": {
        "PMNTN_SN": 1127,
        "MNTN_CODE": "414800101",
        "MNTN_NM": "감악산",
        "PMNTN_NM": "설마리구간",
        "PMNTN_MAIN": null,
        "PMNTN_LT": 0.98,
        "PMNTN_DFFL": "쉬움",
        "PMNTN_UPPL": 17,
        "PMNTN_GODN": 12,
        "PMNTN_MTRQ": null,
        "PMNTN_CNRL": null,
        "PMNTN_CLS_": null,
        "PMNTN_RISK": null,
        "PMNTN_RECO": null,
        "DATA_STDR_": "2016-12-31",
        "MNTN_ID": "2140140100"
      },
      "geometry": {
        "type": "LineString",
        "coordinates": [
          [126.957628220152827, 37.941883327633413],
          [126.957575138311739, 37.941741308654272],
          [126.957526057534707, 37.941612185514977],
          [126.957511905101327, 37.941573462959319],
          [126.95750756496588, 37.941560564007254],
          [126.957503580417352, 37.941547672993444],
          [126.957500110445295, 37.941534793379745],
          [126.95749737065573, 37.941521929844718],
          [126.957495649554872, 37.941509088629857],
          [126.957495327931383, 37.941496277949675],
          [126.957496703907424, 37.941483561614362],
          [126.957499464285462, 37.941470875573742],
          [126.957503230811312, 37.941458211728076],
          [126.957507717127612, 37.941445563883029],
          [126.957512708262385, 37.941432927275443],
          [126.957523600781229, 37.941407673389627],
          [126.957540744973826, 37.941369796046466],
          [126.957551848277092, 37.941344504603734],
          [126.957557057120681, 37.94133182954662],
          [126.957561882193616, 37.941319122321723],
          [126.957566161526159, 37.941306369319406],
          [126.957569681480038, 37.941293552393738],
          [126.95757216179048, 37.941280647632794],
          [126.957573370927165, 37.941267739511282],
          [126.957573556604487, 37.941254744765871],
          [126.957572994780165, 37.941241686819936],
          [126.957571895421154, 37.941228583460997],
          [126.957570416159371, 37.941215448009864],
          [126.957566753818924, 37.941189117507463],
          [126.957545360322655, 37.941057176136354],
          [126.957526437483949, 37.940938453914789],
          [126.957519298151198, 37.940899054242813],
          [126.95751652992719, 37.94088599453724],
          [126.957513428321263, 37.940872997502346],
          [126.957509868645275, 37.940860086412719],
          [126.957505693012834, 37.940847113951335],
          [126.95750104879636, 37.940834229322476],
          [126.957490837863503, 37.940808633018818],
          [126.957479927661268, 37.940783167868453],
          [126.957383468350415, 37.940567413771184],
          [126.957270465568428, 37.940313448012809],
          [126.957225527224836, 37.94021160741579],
          [126.957169823433873, 37.940083818244879],
          [126.957158105127149, 37.940058841672773],
          [126.957151902273623, 37.94004670126067],
          [126.957145321601018, 37.940034943686122],
          [126.957138199548154, 37.940023735059142],
          [126.957130315830653, 37.940013299192245],
          [126.957121377732477, 37.940003933616893],
          [126.957111001715688, 37.939996028354003],
          [126.957099649619437, 37.939990201510426],
          [126.957087083546881, 37.93998561368263],
          [126.957073720130978, 37.939981847922745],
          [126.957032304736913, 37.939972054223865],
          [126.957019134989466, 37.939968236355725],
          [126.957006861683567, 37.939963581858542],
          [126.956995902892899, 37.939957689334634],
          [126.956986173522566, 37.939949880585061],
          [126.956977832643716, 37.939940746183034],
          [126.956970375630348, 37.939930749735829],
          [126.956956361556038, 37.93990975434761],
          [126.956948969618338, 37.939899494302338],
          [126.956940729588226, 37.939889904799244],
          [126.956931124001017, 37.939881426012199],
          [126.956919785031985, 37.939874427857603],
          [126.956906972144878, 37.939868644039642],
          [126.956893069993797, 37.93986375953795],
          [126.956878373881793, 37.939859532293674],
          [126.956863107410953, 37.939855778894184],
          [126.956847437669637, 37.939852362213522],
          [126.956831487890426, 37.939849181079715],
          [126.956782735127163, 37.939840412629657],
          [126.956684234513503, 37.939823781637607],
          [126.956651544366949, 37.939818056934413],
          [126.956619135846211, 37.939811933329068],
          [126.956603120148372, 37.939808593808515],
          [126.956587301095766, 37.939804959934598],
          [126.956571756181901, 37.939800912780427],
          [126.956556589059247, 37.939796293587122],
          [126.956541936351542, 37.939790893391411],
          [126.956527872078965, 37.93978452538623],
          [126.956514323093103, 37.93977737401562],
          [126.95650115036112, 37.939769650862452],
          [126.95648824812838, 37.939761516830899],
          [126.95647553703661, 37.939753092632621],
          [126.956450469055525, 37.939735707067804],
          [126.956165696488085, 37.939530465395947],
          [126.956054440327605, 37.939449812524607],
          [126.956017132360529, 37.939423313589458],
          [126.955991821855349, 37.939406407598888],
          [126.955978892824874, 37.939398429062706],
          [126.955965675516694, 37.939390950111658],
          [126.95595205682045, 37.939384166763411],
          [126.955937887963998, 37.939378336835453],
          [126.955923126973218, 37.93937369031525],
          [126.955907820647241, 37.939369988873715],
          [126.955892115728588, 37.939366978232485],
          [126.955876123950006, 37.939364464785683],
          [126.955843593821029, 37.939360385418503],
          [126.955794137788928, 37.939355412952395],
          [126.955645059929054, 37.939341751914107],
          [126.955496198754531, 37.939327760076154],
          [126.955463194569148, 37.939324464207345],
          [126.955430307656798, 37.939320863502289],
          [126.955397667167233, 37.939316623821888],
          [126.955381507523171, 37.939314088749093],
          [126.955365510121723, 37.939311135166832],
          [126.955349732418767, 37.939307615842658],
          [126.955334604826461, 37.939303529699671],
          [126.955319679004717, 37.9392989278535],
          [126.955304891609899, 37.939293977090216],
          [126.955260855917999, 37.939278389727264],
          [126.955246136474287, 37.939273366598421],
          [126.955231318789345, 37.939268655022126],
          [126.955216347057501, 37.939264421087444],
          [126.955201154248655, 37.939260866590274],
          [126.955185135661836, 37.939258070098525],
          [126.955168873015893, 37.939256017983219],
          [126.955152429112431, 37.939254515580714],
          [126.955135851903748, 37.939253414158763],
          [126.955119177605411, 37.939252601293127],
          [126.955085639839766, 37.939251524279484],
          [126.954984622591908, 37.939249349501488],
          [126.954951244669459, 37.939247838978815],
          [126.954934746572377, 37.93924661017823],
          [126.954918455587617, 37.939244880266685],
          [126.954902458231331, 37.939242450833447],
          [126.954886869685097, 37.939239060095609],
          [126.954872295692581, 37.939234667880804],
          [126.954858126636722, 37.939229360044948],
          [126.954844279740328, 37.939223364099561],
          [126.954830703465646, 37.939216848073208],
          [126.954817375610915, 37.939209929998221],
          [126.954804302925623, 37.939202685284414],
          [126.954791522414382, 37.939195151911385],
          [126.954779104465985, 37.939187333471772],
          [126.954767157924977, 37.939179200144586],
          [126.954755837189708, 37.939170687700141],
          [126.954745351343561, 37.939161694672016],
          [126.954735975168532, 37.939152077899699],
          [126.954727773357405, 37.939141529413305],
          [126.954720608213222, 37.939130398717765],
          [126.954714071053601, 37.939118905082914],
          [126.954701456452469, 37.939095570902161],
          [126.954694697724847, 37.939084073291262],
          [126.954687155876343, 37.939072923775349],
          [126.954678427511979, 37.939062131565066],
          [126.954668767689697, 37.939051767429341],
          [126.954658410507463, 37.93904172800152],
          [126.954647534246902, 37.939031935628762],
          [126.95463627093693, 37.939022334672757],
          [126.954624714384394, 37.939012888556938],
          [126.954600941844518, 37.938994398364983],
          [126.954576400077158, 37.938976498678336],
          [126.954563794242233, 37.938967853493217],
          [126.954550892792881, 37.938959494566205],
          [126.954537446534118, 37.938951361051444],
          [126.954509776431877, 37.938935870362322],
          [126.95448151685342, 37.938920978167616],
          [126.954452986372459, 37.938906369801536],
          [126.954281133481459, 37.938819565354393],
          [126.954023873875201, 37.938688965188121],
          [126.953852470118832, 37.938601751327674],
          [126.953681248632449, 37.938514192001705],
          [126.953638082175431, 37.938492975336779],
          [126.953623516761127, 37.938486233409265],
          [126.953608795367913, 37.93847978340073],
          [126.953593855814233, 37.938473741809673],
          [126.953578615986714, 37.938468262499342],
          [126.953563398952255, 37.93846358142472],
          [126.95354789332643, 37.938459440318432],
          [126.953532175154862, 37.938455696245875],
          [126.953500317948084, 37.938448991329118],
          [126.953468134505187, 37.938442887935999],
          [126.953322341672248, 37.938417158046633],
          [126.953290178313651, 37.938411117266931],
          [126.953274249019273, 37.93840788652976],
          [126.953258486782644, 37.938404426230804],
          [126.953242963672096, 37.938400637989083],
          [126.953227776815936, 37.938396389161682],
          [126.953213055389057, 37.938391503284322],
          [126.953198968872002, 37.938385748775872],
          [126.953185321277815, 37.938378751173374],
          [126.953172336608858, 37.938370846738714],
          [126.953159833720846, 37.938362283112866],
          [126.953147675586521, 37.93835324758367],
          [126.953135760012856, 37.938343879764609],
          [126.953124011839506, 37.938334282244789],
          [126.953100815201765, 37.938314673799454],
          [126.953008911917806, 37.938234841171621],
          [126.952974117449159, 37.938205063323068],
          [126.952950490846689, 37.938185535478965],
          [126.952938431589857, 37.938175974375632],
          [126.952926122115912, 37.938166630204385],
          [126.952913470728106, 37.938157592451979],
          [126.952900357492069, 37.938148980787211],
          [126.952887118997381, 37.938141137225742],
          [126.952873448327736, 37.938133698105659],
          [126.952859463267686, 37.938126555230795],
          [126.952845260908859, 37.938119630499926],
          [126.952816535506102, 37.938106252920598],
          [126.952773926056722, 37.938087316806566],
          [126.95274726583736, 37.938076054299692],
          [126.952735069313846, 37.938071214926872],
          [126.952717181485653, 37.938066768839469],
          [126.952707757245875, 37.938073205507678],
          [126.952708963485847, 37.938082201738894],
          [126.952717033028989, 37.938095074240039],
          [126.952720548045377, 37.938103975630902],
          [126.952722500614712, 37.938113148759101],
          [126.952722257960247, 37.938122280803782],
          [126.952720045548432, 37.938131149328129],
          [126.952716177200045, 37.938139396950163],
          [126.952710855743291, 37.938146618541104],
          [126.952704179764737, 37.938152335474335],
          [126.952696147886527, 37.938155968118892],
          [126.95268623408748, 37.938157052997042],
          [126.952675131646785, 37.938155807530251],
          [126.952663164556384, 37.938152829905121],
          [126.95265057754095, 37.938148583847699],
          [126.952637552526269, 37.938143425518575],
          [126.952624222096446, 37.938137626854392],
          [126.952610680194809, 37.938131395382257],
          [126.952555330304037, 37.938104897720329],
          [126.952541255955381, 37.93809838905149],
          [126.952527052677624, 37.938092112844132],
          [126.952512675351443, 37.938086177553217],
          [126.952498060799812, 37.938080713484062],
          [126.952482620741023, 37.938075658101766],
          [126.952466928853667, 37.938071110690835],
          [126.952451055563742, 37.938066938478329],
          [126.95241896159105, 37.938059333776017],
          [126.95238661140921, 37.938052284693001],
          [126.952191315925745, 37.938011445025275],
          [126.952158972700516, 37.938004908428709],
          [126.95214297155654, 37.938001898286743],
          [126.952127170942887, 37.93799919733388],
          [126.952111671532947, 37.937996963881446],
          [126.952096615150609, 37.937995420572697],
          [126.95208219941037, 37.937994877300078],
          [126.952068696728105, 37.937995760967723],
          [126.952056478408736, 37.937998653204467],
          [126.952045884946685, 37.938004040928149],
          [126.952036626737566, 37.938011517515164],
          [126.95202836360815, 37.938020550711315],
          [126.952020834738647, 37.938030732438037],
          [126.952013806566868, 37.938041830023074],
          [126.952006442882734, 37.938055084729292],
          [126.951992635951655, 37.938068556927021],
          [126.951972300656024, 37.938071702758606],
          [126.951948400851904, 37.938073704165006],
          [126.951924085510228, 37.938070805412352],
          [126.95190220628524, 37.938061167068739],
          [126.951888771549534, 37.938046068215385],
          [126.951863783567632, 37.938022812354987],
          [126.951855826524792, 37.938011139104077],
          [126.951847585566654, 37.937999725343701],
          [126.951838942992438, 37.93798868775955],
          [126.951829740427016, 37.937978185505003],
          [126.951819767430706, 37.937968432789631],
          [126.951808747897672, 37.93795971427194],
          [126.951796844490545, 37.937952496578021],
          [126.951783941894647, 37.937946433285724],
          [126.951770273958871, 37.93794145951631],
          [126.95175600163256, 37.937937611709017],
          [126.951741225940751, 37.937935027255811],
          [126.951725475482817, 37.937933801740947],
          [126.951709385159603, 37.937933741932575],
          [126.951693061267704, 37.937934510709411],
          [126.951676580757081, 37.937935858860193],
          [126.951659999006594, 37.937937605130564],
          [126.951626680727642, 37.937941816141844],
          [126.951576670914591, 37.937949032979944],
          [126.951543536057713, 37.937954306486716],
          [126.951527105156771, 37.93795716967908],
          [126.951510817044451, 37.937960275891562],
          [126.951494727256701, 37.937963730951807],
          [126.951478909838798, 37.937967678344243],
          [126.951463462446668, 37.937972308130625],
          [126.951448281842687, 37.937977846834784],
          [126.951433477211481, 37.937984084891774],
          [126.951418946098656, 37.937990828544393],
          [126.951404611037418, 37.937997931868978],
          [126.951376313405888, 37.93801281349068],
          [126.951334320792498, 37.938035936999661],
          [126.951229766668732, 37.93815270994228],
          [126.951201750109917, 37.938168046903023],
          [126.951173474765284, 37.938182913411588],
          [126.951159157339035, 37.93819001817446],
          [126.951144650180112, 37.938196775027166],
          [126.951129877908187, 37.938203044675411],
          [126.951114740794054, 37.938208642600323],
          [126.951099245846279, 37.938213394744615],
          [126.951083388540908, 37.93821748442145],
          [126.951067266174547, 37.938221096377006],
          [126.951050952161097, 37.938224371038174],
          [126.951017952622294, 37.938230302675571],
          [126.950835500346329, 37.938221077606393],
          [126.950785347605986, 37.938228617078693],
          [126.950768743648112, 37.938230750270009],
          [126.95075225916672, 37.938232509717352],
          [126.950735956271771, 37.93823371941815],
          [126.950719921304255, 37.938234140174387],
          [126.950704272397545, 37.93823345134188],
          [126.950689168729312, 37.938231229006206],
          [126.950675233042588, 37.938227295311712],
          [126.950661859174716, 37.938221902420523],
          [126.950648955998133, 37.938215421431011],
          [126.9506364824325, 37.938208128472859],
          [126.950624447635576, 37.93820022109783],
          [126.95061291405456, 37.938191831378781],
          [126.950602003720647, 37.938183035678023],
          [126.950591908124167, 37.938173861219497],
          [126.950582901954164, 37.938164289682895],
          [126.950575360865002, 37.938154258079273],
          [126.950569783179986, 37.938143657219015],
          [126.95056663397321, 37.938132755895637],
          [126.950565307303933, 37.938121349134491],
          [126.950565302727824, 37.938109575721334],
          [126.950566217859532, 37.938097543845075],
          [126.950567722973432, 37.938085338569493],
          [126.950573090678063, 37.938048320090104],
          [126.95057432370163, 37.938036027023301],
          [126.950574814679001, 37.938023849473822],
          [126.950574215093653, 37.938011854622857],
          [126.950572098494106, 37.938000124952396],
          [126.950568048840083, 37.93798855019525],
          [126.950562400815414, 37.93797727331058],
          [126.950555553410027, 37.937966239184647],
          [126.950547810690864, 37.937955419979843],
          [126.950539398569688, 37.937944816074364],
          [126.950530478754118, 37.937934458756885],
          [126.950521159779299, 37.93792441504592],
          [126.950511505213967, 37.937914795028625],
          [126.95050153922098, 37.937905762157698],
          [126.950491249683154, 37.937897546985909],
          [126.950480589109745, 37.937890464824306],
          [126.950469473553412, 37.937884937746105],
          [126.950457779818649, 37.937881521148611],
          [126.950445152065015, 37.937880676655986],
          [126.950431994959402, 37.937882052022047],
          [126.950418519831473, 37.937885094097801],
          [126.95040491783908, 37.937889396960799],
          [126.950391375469735, 37.937894677900132],
          [126.95037809081235, 37.937900758855434],
          [126.950365291219768, 37.937907553461521],
          [126.950353253094463, 37.93791505960138],
          [126.950342324537047, 37.937923357247016],
          [126.950332951446228, 37.937932611264316],
          [126.95032535608911, 37.937943200199442],
          [126.950319407857648, 37.937954703402376],
          [126.950314653366021, 37.937966845887672],
          [126.950310732077043, 37.937979409410218],
          [126.950307350614082, 37.937992214203049],
          [126.950298005728513, 37.938030488788748],
          [126.950294332864317, 37.938042611344486],
          [126.9502898624864, 37.938054014010845],
          [126.950284092954789, 37.938064342078484],
          [126.950274716702097, 37.938073361792554],
          [126.950260850695003, 37.938080440534733],
          [126.950243580348214, 37.938085679480018],
          [126.950224298589674, 37.938089389188036],
          [126.950204383603449, 37.938091867221473],
          [126.950185183367481, 37.938093385253318],
          [126.950168018188009, 37.938094191436932],
          [126.950141897107628, 37.938094791696798]
        ]
      }
    },
    {
      "type": "Feature",
      "properties": {
        "PMNTN_SN": 1128,
        "MNTN_CODE": "414800101",
        "MNTN_NM": "감악산",
        "PMNTN_NM": "설마리구간",
        "PMNTN_MAIN": null,
        "PMNTN_LT": 0.02,
        "PMNTN_DFFL": "쉬움",
        "PMNTN_UPPL": 1,
        "PMNTN_GODN": 0,
        "PMNTN_MTRQ": null,
        "PMNTN_CNRL": null,
        "PMNTN_CLS_": null,
        "PMNTN_RISK": null,
        "PMNTN_RECO": null,
        "DATA_STDR_": "2016-12-31",
        "MNTN_ID": "2140140100"
      },
      "geometry": {
        "type": "LineString",
        "coordinates": [
          [126.943581246502589, 37.943077702278977],
          [126.943385746736325, 37.943160805145496]
        ]
      }
    },
    {
      "type": "Feature",
      "properties": {
        "PMNTN_SN": 1129,
        "MNTN_CODE": "414800101",
        "MNTN_NM": "감악산",
        "PMNTN_NM": "설마리구간",
        "PMNTN_MAIN": null,
        "PMNTN_LT": 0.58,
        "PMNTN_DFFL": "쉬움",
        "PMNTN_UPPL": 10,
        "PMNTN_GODN": 7,
        "PMNTN_MTRQ": null,
        "PMNTN_CNRL": null,
        "PMNTN_CLS_": null,
        "PMNTN_RISK": null,
        "PMNTN_RECO": null,
        "DATA_STDR_": "2016-12-31",
        "MNTN_ID": "2140140100"
      },
      "geometry": {
        "type": "LineString",
        "coordinates": [
          [126.950141897107628, 37.938094791696798],
          [126.949881875893269, 37.937943517994896],
          [126.949688520326049, 37.937833085545137],
          [126.949661036892735, 37.937817433471665],
          [126.949647195857921, 37.937809825551732],
          [126.949633244906664, 37.937802457546809],
          [126.949619135803204, 37.937795433488645],
          [126.949604803412768, 37.93778889357894],
          [126.949590160955324, 37.937783024255552],
          [126.949575094411472, 37.937778070012698],
          [126.949559553945051, 37.93777422859835],
          [126.949543607638887, 37.937771250082818],
          [126.949527387009738, 37.937768837961386],
          [126.949478094079709, 37.937762618530918],
          [126.949461743446719, 37.937760160190209],
          [126.94944557876812, 37.937757122240647],
          [126.94942978094349, 37.937753343467307],
          [126.949414196329855, 37.937748927490055],
          [126.949395390694164, 37.937730971075275],
          [126.949387291080527, 37.937699645809893],
          [126.949371496196221, 37.937672047449652],
          [126.949360020336314, 37.937658026728776],
          [126.949314985601205, 37.937640008677754],
          [126.949285249780345, 37.937627618176471],
          [126.949270544262248, 37.937621232499296],
          [126.949256007852384, 37.937614651157865],
          [126.949241706776419, 37.937607797729413],
          [126.949227728736233, 37.937600570325962],
          [126.949213993286421, 37.937592796789779],
          [126.949200587079204, 37.937584641959816],
          [126.949187419662621, 37.937576210959136],
          [126.949174422715217, 37.937567583056932],
          [126.949148750347874, 37.937549956274978],
          [126.949072648157369, 37.937496009037147],
          [126.948920855583424, 37.937387280861067],
          [126.94888250193415, 37.937360585486509],
          [126.948869505563891, 37.937352008977903],
          [126.94885631612118, 37.937343736725438],
          [126.948842851813296, 37.937335905029109],
          [126.948829003002871, 37.937328698253161],
          [126.948814624804683, 37.937322362199176],
          [126.948800769992388, 37.937317472453266],
          [126.948786454655846, 37.937313382982353],
          [126.948771797949377, 37.937309938126042],
          [126.948756892848365, 37.93730703692534],
          [126.94874181146497, 37.937304628593871],
          [126.948726609657285, 37.937302710080395],
          [126.948711330948655, 37.937301325831214],
          [126.948696009820509, 37.937300569748849],
          [126.948680674463574, 37.937300589229295],
          [126.948664163417178, 37.937301609155455],
          [126.948647663775787, 37.937303465305163],
          [126.948631173674727, 37.937305926251248],
          [126.948614690232276, 37.937308818862874],
          [126.948598210038, 37.937312015645787],
          [126.948509812309211, 37.937346686375214],
          [126.948385938900898, 37.937378382216188],
          [126.948294209684065, 37.937400968717206],
          [126.948278349968646, 37.937403821805049],
          [126.948262900995744, 37.937406118292742],
          [126.948248049559211, 37.937407609965213],
          [126.948234049289979, 37.937407959578465],
          [126.948221239827163, 37.93740671533422],
          [126.948210069640439, 37.937403280524137],
          [126.948201090027965, 37.937397336863945],
          [126.948193684962121, 37.937389287567321],
          [126.948187430342614, 37.937379695390504],
          [126.94818200249297, 37.93736898957043],
          [126.948177157742194, 37.937357493127088],
          [126.948172715242393, 37.937345445944693],
          [126.948164546520189, 37.937320353449643],
          [126.948156843106887, 37.937294601704799],
          [126.948145635437157, 37.937255621143727],
          [126.948138466060271, 37.937229634662515],
          [126.94813194157075, 37.937203714254913],
          [126.94812914380509, 37.937190787638777],
          [126.94812684314951, 37.937177889794981],
          [126.94812524011553, 37.937165028832169],
          [126.948124598450931, 37.93715221722745],
          [126.948125260581151, 37.937139473509696],
          [126.948127471613631, 37.937126924932095],
          [126.948130944168085, 37.937114449969236],
          [126.94813531538945, 37.937102039971933],
          [126.94814028734649, 37.937089697948309],
          [126.94821468343207, 37.936995014787904],
          [126.948218960031824, 37.936983672276661],
          [126.948222204180013, 37.936972863061506],
          [126.948223950275761, 37.936962808644978],
          [126.948223599362464, 37.93695380583376],
          [126.948220380649573, 37.93694624639982],
          [126.948214120120213, 37.936940734297629],
          [126.948205260763245, 37.936936628948104],
          [126.948194477623815, 37.936933692639265],
          [126.948182303934033, 37.936931781086336],
          [126.94816916026943, 37.936930836589639],
          [126.948155380074013, 37.936930884306911],
          [126.948141231566339, 37.936932031617992],
          [126.948125600597862, 37.93693463617204],
          [126.948109882933011, 37.936938358517345],
          [126.948094135940053, 37.936942876689379],
          [126.948078395007187, 37.936947946796472],
          [126.948062680316937, 37.936953383492209],
          [126.94796531135944, 37.93700194601896],
          [126.947949760139011, 37.93700741983897],
          [126.947934219528136, 37.93701256064994],
          [126.947918675453707, 37.937017203807606],
          [126.947903110509941, 37.937021134898458],
          [126.947887503113705, 37.937024072403425],
          [126.947871826387029, 37.937025647837778],
          [126.947856102446366, 37.93702556600676],
          [126.947840303317946, 37.937024130676711],
          [126.947824449444553, 37.937021708795257],
          [126.947808555910271, 37.937018579241219],
          [126.947792633547266, 37.937014951139638],
          [126.947776689856028, 37.937010979300325],
          [126.947744756138704, 37.937002425446373],
          [126.947587667153698, 37.937005048878163],
          [126.94747634385952, 37.937002792263804],
          [126.947444432257626, 37.936993589629722],
          [126.947428771818181, 37.936988735971369],
          [126.947413460053511, 37.936983598557433],
          [126.947398668132877, 37.936978050525518],
          [126.947384630850706, 37.936971921024885],
          [126.94737166561282, 37.936964982838532],
          [126.947360195383112, 37.936956937773417],
          [126.947351186781589, 37.936948236344662],
          [126.947343560666653, 37.936938573199853],
          [126.947337032701853, 37.936928214686411],
          [126.947331415967014, 37.936917376874703],
          [126.947326613481593, 37.936906238724944],
          [126.947322614851657, 37.936894954267181],
          [126.94731949742031, 37.936883663938971],
          [126.947317432176561, 37.936872505336623],
          [126.947316694584231, 37.936861623674986],
          [126.947317680368954, 37.936851182231891],
          [126.947320926070404, 37.93684137297339],
          [126.947327458745789, 37.936831638003873],
          [126.94733653931894, 37.936822656882981],
          [126.947347462072997, 37.936814229363094],
          [126.947359695752908, 37.936806202448722],
          [126.947372846369632, 37.936798460832748],
          [126.947386626176808, 37.936790918728491],
          [126.94741530759849, 37.936776198286971],
          [126.947459559258604, 37.936754517053984],
          [126.947723755203029, 37.936682965345902],
          [126.947771494295807, 37.9366701796014],
          [126.947801672337889, 37.936670253674073],
          [126.947814890211916, 37.936666270055568],
          [126.94782714434487, 37.936659087791867],
          [126.947837963326918, 37.936651957671138],
          [126.947846738247506, 37.936644906525935],
          [126.947852651902437, 37.93663797089377],
          [126.947854623223719, 37.936631199838125],
          [126.947852030710536, 37.936624971860908],
          [126.947845839001872, 37.936618899328622],
          [126.947836986425131, 37.936612945851891],
          [126.947826192591378, 37.936607088090653],
          [126.947814001380863, 37.936601315173114],
          [126.947800817337566, 37.936595628849958],
          [126.947786935585867, 37.936590044497493],
          [126.947772565805224, 37.936584593088064],
          [126.94775785097697, 37.936579324257785],
          [126.947742881658584, 37.936574310616578],
          [126.947727706503471, 37.936569653451684],
          [126.947712339681161, 37.936565489958134],
          [126.947611327737874, 37.936529286396947],
          [126.947595951930225, 37.936526689904056],
          [126.947580423913607, 37.936524781987615],
          [126.947564810861294, 37.936523440674172],
          [126.947549168652188, 37.936522593538768],
          [126.947533546616853, 37.936522214906738],
          [126.947517991873227, 37.936522325083658],
          [126.947502553397143, 37.93652299173727],
          [126.947487285957749, 37.936524333450322],
          [126.94747225401639, 37.936526525349826],
          [126.947456797754882, 37.936529887130057],
          [126.947441602563032, 37.93653413321168],
          [126.947426602465157, 37.936539021825638],
          [126.947411746244654, 37.93654436943244],
          [126.947369914937241, 37.936547526684656],
          [126.947271919059631, 37.936553399471237],
          [126.947113372315073, 37.936605505767361],
          [126.947084655490073, 37.9366181782555],
          [126.947070454136323, 37.936624686461805],
          [126.947056416114691, 37.936631376320754],
          [126.947042603439797, 37.936638318284999],
          [126.947029097010429, 37.936645603967271],
          [126.947015682767002, 37.93665347689754],
          [126.947002585499988, 37.936661706238795],
          [126.946989718621083, 37.936670194544973],
          [126.946964422381143, 37.936687661379302],
          [126.946891725314543, 37.936717374177952],
          [126.946866166199186, 37.936734397256117],
          [126.946853065576391, 37.936742486945427],
          [126.946839633154198, 37.936750140692311],
          [126.946825746877394, 37.936757197699663],
          [126.946811558898119, 37.936763425992652],
          [126.946796930104483, 37.936769075325692],
          [126.94678197724707, 37.936774300130331],
          [126.946766790905812, 37.936779220074463],
          [126.946735985017057, 37.936788496912975],
          [126.946671886719031, 37.936809704036556],
          [126.946641366852475, 37.93681927140571],
          [126.94662644876172, 37.936824448604625],
          [126.946611891358486, 37.936830036842196],
          [126.946597833312822, 37.936836189926829],
          [126.946584455264031, 37.936843106988135],
          [126.946571525383916, 37.936851202046888],
          [126.946559311925185, 37.936860087570032],
          [126.946547617855387, 37.936869529107383],
          [126.94653629128571, 37.936879335476114],
          [126.94650068994963, 37.936897279344308],
          [126.946489670749216, 37.936905786473567],
          [126.946478427819528, 37.936913236430456],
          [126.946466845379845, 37.936919188490677],
          [126.946454771710691, 37.93692306159106],
          [126.946443822789135, 37.936924377810236],
          [126.946432392183382, 37.936924311444699],
          [126.946413659883063, 37.936926305691586],
          [126.946382662696777, 37.936935243259256],
          [126.946365220029236, 37.936942228549505],
          [126.946335652413012, 37.936958814096705],
          [126.946297110578627, 37.936963333957095],
          [126.946257715846571, 37.936985344476028],
          [126.946149254653989, 37.937008572046068],
          [126.946038859050262, 37.936988510245783]
        ]
      }
    },
    {
      "type": "Feature",
      "properties": {
        "PMNTN_SN": 1130,
        "MNTN_CODE": "414800101",
        "MNTN_NM": "감악산",
        "PMNTN_NM": "설마리구간",
        "PMNTN_MAIN": null,
        "PMNTN_LT": 0.06,
        "PMNTN_DFFL": "쉬움",
        "PMNTN_UPPL": 1,
        "PMNTN_GODN": 1,
        "PMNTN_MTRQ": null,
        "PMNTN_CNRL": null,
        "PMNTN_CLS_": null,
        "PMNTN_RISK": null,
        "PMNTN_RECO": null,
        "DATA_STDR_": "2016-12-31",
        "MNTN_ID": "2140140100"
      },
      "geometry": {
        "type": "LineString",
        "coordinates": [
          [126.950520391324901, 37.938467765711792],
          [126.950471727888583, 37.938457402879543],
          [126.950409568303627, 37.938434738562378],
          [126.950367132457146, 37.93842138986988],
          [126.950352312884462, 37.938417959273458],
          [126.950337233988037, 37.938414029108053],
          [126.95032267195468, 37.93840961461931],
          [126.950309413580314, 37.938404722305002],
          [126.950298250069224, 37.938399357787219],
          [126.950289569249961, 37.938393597488485],
          [126.950281722392504, 37.938387206695488],
          [126.950274425169837, 37.938380333924364],
          [126.950267605484953, 37.938373112510774],
          [126.950261248720878, 37.938365632805727],
          [126.950255394334178, 37.938357952041045],
          [126.950250136368282, 37.938350101481191],
          [126.950245627751059, 37.938342091249453],
          [126.950242088129258, 37.938333913276146],
          [126.950239814883574, 37.938325542787219],
          [126.950239037725296, 37.938317041885007],
          [126.950239428820467, 37.938308383291847],
          [126.950240623874038, 37.938299625465504],
          [126.950248023943672, 37.938264568179186],
          [126.950249331109447, 37.938256050138115],
          [126.950249886652017, 37.938247762170157],
          [126.950249333572074, 37.938239800274303],
          [126.950247223283839, 37.938232288165352],
          [126.950243166113992, 37.938225293699901],
          [126.950237489291609, 37.938218762205359],
          [126.950230605382487, 37.93821257511587],
          [126.95022283454577, 37.938206640818819],
          [126.950214424309507, 37.938200888989712],
          [126.950205566897196, 37.938195265709766],
          [126.950159242305531, 37.9381678539715],
          [126.950150381183931, 37.93816188466468],
          [126.950142174726864, 37.938154800495354],
          [126.950135302221184, 37.938146844350811],
          [126.950130426820124, 37.938138278265775],
          [126.950128127201623, 37.938129379511011],
          [126.950128515808984, 37.938120875008529],
          [126.950130751298531, 37.938112834445469],
          [126.950133993250319, 37.93810573711432],
          [126.95013743767727, 37.938100055443741],
          [126.950140308943702, 37.938096256080925],
          [126.950141897107628, 37.938094791696798]
        ]
      }
    },
    {
      "type": "Feature",
      "properties": {
        "PMNTN_SN": 1131,
        "MNTN_CODE": "414800101",
        "MNTN_NM": "감악산",
        "PMNTN_NM": null,
        "PMNTN_MAIN": null,
        "PMNTN_LT": 0.09,
        "PMNTN_DFFL": "쉬움",
        "PMNTN_UPPL": 2,
        "PMNTN_GODN": 1,
        "PMNTN_MTRQ": null,
        "PMNTN_CNRL": null,
        "PMNTN_CLS_": null,
        "PMNTN_RISK": null,
        "PMNTN_RECO": null,
        "DATA_STDR_": "2016-12-31",
        "MNTN_ID": "2140140100"
      },
      "geometry": {
        "type": "LineString",
        "coordinates": [
          [126.958553731439196, 37.942144418354317],
          [126.9585504606613, 37.942145444197912],
          [126.958542102301976, 37.942145947101693],
          [126.958529700872901, 37.942145497570188],
          [126.958514342793919, 37.942143539413529],
          [126.958497079912831, 37.942139600061815],
          [126.958478774828492, 37.942133809899154],
          [126.958460185093998, 37.942126599332397],
          [126.958442037357074, 37.942118491288412],
          [126.958425045920976, 37.942110045743604],
          [126.958409921704046, 37.942101832996151],
          [126.958383229045722, 37.942086710663062],
          [126.958369784191277, 37.942079593294139],
          [126.958356172859411, 37.942072971241643],
          [126.95834232773359, 37.942067046496668],
          [126.958328163694489, 37.942062074899745],
          [126.95831357267069, 37.942058381833519],
          [126.958299329552545, 37.942056289711246],
          [126.958284739879531, 37.942055247621994],
          [126.958269933244907, 37.942054879249937],
          [126.958225291125473, 37.94205475369376],
          [126.958210680873663, 37.942054090290995],
          [126.958196397475859, 37.942052603583257],
          [126.958182583655145, 37.942049919136217],
          [126.95816868062613, 37.942045492403977],
          [126.958155306442833, 37.942039708880067],
          [126.958142320028017, 37.942032931063906],
          [126.958129612529746, 37.942025439661734],
          [126.95811709978085, 37.94201745291771],
          [126.958104715724417, 37.942009143571958],
          [126.958067830616116, 37.941983627544033],
          [126.95805547392105, 37.941975338964944],
          [126.95804300356005, 37.941967390681263],
          [126.958030354979044, 37.941959965199679],
          [126.958017445789736, 37.941953295525948],
          [126.958004168922045, 37.94194768377244],
          [126.957990384634158, 37.941943522724962],
          [126.957975935430795, 37.941941115387905],
          [126.957960973489207, 37.941940105427314],
          [126.957945640493591, 37.941940017558515],
          [126.957898420789448, 37.941941358049199],
          [126.957882518870207, 37.941941100409203],
          [126.957866524809361, 37.941939916055091],
          [126.957850549317428, 37.941937923167025],
          [126.957834592666217, 37.941935314893264],
          [126.957818653872849, 37.941932242703167],
          [126.957802731283792, 37.94192882379609],
          [126.957768847180532, 37.941920728886167],
          [126.957707011428354, 37.941904589412232],
          [126.957628220152827, 37.941883327633413]
        ]
      }
    },
    {
      "type": "Feature",
      "properties": {
        "PMNTN_SN": 1132,
        "MNTN_CODE": "414800101",
        "MNTN_NM": "감악산",
        "PMNTN_NM": null,
        "PMNTN_MAIN": null,
        "PMNTN_LT": 0.99,
        "PMNTN_DFFL": "쉬움",
        "PMNTN_UPPL": 17,
        "PMNTN_GODN": 12,
        "PMNTN_MTRQ": null,
        "PMNTN_CNRL": null,
        "PMNTN_CLS_": null,
        "PMNTN_RISK": null,
        "PMNTN_RECO": null,
        "DATA_STDR_": "2016-12-31",
        "MNTN_ID": "2140140100"
      },
      "geometry": {
        "type": "LineString",
        "coordinates": [
          [126.968867595060317, 37.94177249342917],
          [126.968864964160446, 37.941773658676546],
          [126.968832645760543, 37.941792173649418],
          [126.968798475884455, 37.941810960735708],
          [126.968779936693736, 37.941820549949298],
          [126.968761461880277, 37.941829477866378],
          [126.968743823437194, 37.941837129207094],
          [126.968727791676727, 37.941842878344566],
          [126.968713212110416, 37.941846552644009],
          [126.968698437409856, 37.941848588304808],
          [126.968683490801439, 37.941848722179323],
          [126.968668308827162, 37.941847362446893],
          [126.968652960854854, 37.941844946370246],
          [126.968637497315598, 37.941841792026338],
          [126.968621954463828, 37.941838128582781],
          [126.968606358144172, 37.941834120407719],
          [126.968575073043993, 37.941825511257655],
          [126.968512390217654, 37.941807810157783],
          [126.968481078162753, 37.941799642104435],
          [126.968465446370871, 37.941796013371373],
          [126.96844983967398, 37.941792867847077],
          [126.968434267272883, 37.941790397128784],
          [126.968418741188927, 37.941788854717224],
          [126.968403277048893, 37.941788572419512],
          [126.968388326534452, 37.94178976169885],
          [126.968373434325699, 37.941792143136716],
          [126.968358585352163, 37.941795404498627],
          [126.968343767677808, 37.941799305157673],
          [126.968328971671795, 37.941803660811985],
          [126.968314189238725, 37.941808330361582],
          [126.968255046236393, 37.941828258855978],
          [126.968225333815724, 37.941837987924941],
          [126.968210390317708, 37.941842544480863],
          [126.968195355905522, 37.941846768020405],
          [126.968180196461788, 37.941850531446079],
          [126.96816486777837, 37.941853672806985],
          [126.968148610082466, 37.941856157323954],
          [126.968132169460802, 37.941857968702557],
          [126.968115595578325, 37.9418592874636],
          [126.968098926123716, 37.941860251024167],
          [126.968082189304567, 37.941860962576463],
          [126.968048591212735, 37.941861914969529],
          [126.967998052268513, 37.941862793579951],
          [126.967694589770943, 37.941866930565091],
          [126.967660901691318, 37.941867502870402],
          [126.967627285170863, 37.94186835796873],
          [126.967593831322887, 37.941869852941068],
          [126.967577214565921, 37.941871032755216],
          [126.967560711725199, 37.941872658996459],
          [126.967544365540917, 37.941874898635774],
          [126.96752856080478, 37.941877814505027],
          [126.967512906349455, 37.941881320692609],
          [126.967497361226378, 37.941885259134345],
          [126.967481894037888, 37.941889509047364],
          [126.967451104237881, 37.941898602151539],
          [126.967420410337937, 37.941908119746756],
          [126.967297741899614, 37.941947043211194],
          [126.967251964769218, 37.941961834137786],
          [126.967221860076691, 37.941972026243825],
          [126.967207064549299, 37.941977328135614],
          [126.967192538490181, 37.941982844455147],
          [126.967178386846797, 37.941988656624716],
          [126.967164747762325, 37.941994870798389],
          [126.967151800802313, 37.94200162369048],
          [126.967139776203041, 37.942009088958763],
          [126.967129938965201, 37.942016458134233],
          [126.967102690454283, 37.942039835886078],
          [126.967093255594762, 37.942047012411038],
          [126.967083071153624, 37.942053316500129],
          [126.967070330883544, 37.942059065166013],
          [126.967056489094603, 37.942063590991765],
          [126.967041827031125, 37.942067209877088],
          [126.967026562103484, 37.942070164921788],
          [126.967010860027969, 37.942072640582829],
          [126.966978610917735, 37.9420766699685],
          [126.966929176506184, 37.942081562679626],
          [126.966796174694863, 37.942093389949008],
          [126.966763155670861, 37.94209674555136],
          [126.966746777363511, 37.942098650508839],
          [126.966730539907559, 37.942100801848483],
          [126.966714502336984, 37.942103304497586],
          [126.966698744471302, 37.942106300225468],
          [126.966683372742011, 37.94210997795782],
          [126.966668527074617, 37.942114585973592],
          [126.966654320621856, 37.94212032503296],
          [126.966640640176365, 37.942126995040027],
          [126.966627345634507, 37.942134348220669],
          [126.96661433011586, 37.942142195797075],
          [126.96660151290763, 37.942150395554641],
          [126.966576246063212, 37.942167453520447],
          [126.966526208569263, 37.942202544029705],
          [126.966501029002231, 37.942219930388497],
          [126.966475401220791, 37.942236713624183],
          [126.966462284254035, 37.942244684548299],
          [126.966448856918831, 37.942252217517968],
          [126.966435005668956, 37.942259145743826],
          [126.966421895582258, 37.942264819964635],
          [126.966408417776833, 37.942269937113032],
          [126.966394656439604, 37.94227458610969],
          [126.966380674918113, 37.942278818240375],
          [126.966366518876114, 37.942282648775638],
          [126.966352218854752, 37.942286057166761],
          [126.966337792225872, 37.942288985719522],
          [126.966323244563597, 37.942291336730271],
          [126.966308570484927, 37.942292968152316],
          [126.966292076054216, 37.942293808963619],
          [126.96627545570712, 37.94229381961101],
          [126.966258747473958, 37.942293230991517],
          [126.966241979409304, 37.942292217950325],
          [126.966225171982771, 37.942290912077233],
          [126.966140945939316, 37.942282813737791],
          [126.966107292519425, 37.942279919147808],
          [126.966090497243215, 37.942278801954565],
          [126.966073734107468, 37.942278038298099],
          [126.966057014791915, 37.942277767681972],
          [126.966040354668209, 37.942278172802212],
          [126.966024143576462, 37.942279364775665],
          [126.966007988422405, 37.942281204523141],
          [126.965991873865448, 37.942283518715172],
          [126.965959722432856, 37.942289073230846],
          [126.965927626959996, 37.9422953201477],
          [126.965895557138523, 37.94230188226382],
          [126.965815525772229, 37.942318858895426],
          [126.965783705718252, 37.942326020531596],
          [126.965767899300147, 37.942329796704868],
          [126.965752201588657, 37.942333780682716],
          [126.965736654838224, 37.942338055441759],
          [126.965721314459174, 37.942342729793687],
          [126.965705950974538, 37.942347990486297],
          [126.965690800643927, 37.942353665224545],
          [126.965660922223918, 37.94236583523805],
          [126.965616655566137, 37.942385166173977],
          [126.96544071352335, 37.942464990049999],
          [126.965396457430046, 37.942484363057275],
          [126.965381578746417, 37.942490483588493],
          [126.965366588678933, 37.942496295620558],
          [126.965351442662765, 37.942501667579663],
          [126.965336081436092, 37.942506422905495],
          [126.965320427281725, 37.942510328032348],
          [126.965304743208605, 37.942513144216093],
          [126.965288778924673, 37.942515134555435],
          [126.965272611594429, 37.942516514806286],
          [126.965256302887667, 37.94251744525824],
          [126.965223457003447, 37.942518375184051],
          [126.965190588452444, 37.942518403744337],
          [126.965174256360584, 37.942518091484182],
          [126.965158066304525, 37.942517507500867],
          [126.965142091792686, 37.942516569855663],
          [126.965126428022316, 37.942515157474297],
          [126.965111199081065, 37.942513102677005],
          [126.965096566291663, 37.942510181692633],
          [126.965082737665298, 37.942506103457028],
          [126.965069954193382, 37.942500723605789],
          [126.965057853738955, 37.942494460931307],
          [126.965034435388091, 37.942481534425603],
          [126.965022534679875, 37.9424759780117],
          [126.965010114802254, 37.942471823646684],
          [126.964996790336514, 37.942469509561789],
          [126.964982874570552, 37.9424686912186],
          [126.96496860636168, 37.942468807911801],
          [126.964939889252108, 37.942469873904372],
          [126.964925882389451, 37.94246987412415],
          [126.964912437278869, 37.942468845312902],
          [126.964899847397646, 37.942466201266171],
          [126.964888950512645, 37.942461830179191],
          [126.964878748196142, 37.942456061963959],
          [126.96484905491188, 37.942435871126925],
          [126.964838437590643, 37.942429865420337],
          [126.96482667342687, 37.942424774197995],
          [126.964814423865192, 37.942420516685225],
          [126.964790294019579, 37.942412797967826],
          [126.964779375314691, 37.942408527954214],
          [126.964769948822436, 37.942403434175269],
          [126.964763183306076, 37.942398011350704],
          [126.96475757572594, 37.942392123327323],
          [126.96474796631783, 37.942381080151577],
          [126.964743092046774, 37.942377056214262],
          [126.964737589170213, 37.942374881390386],
          [126.964730558807247, 37.942375157636206],
          [126.964722475187344, 37.94237764986476],
          [126.964713496770614, 37.942381685154636],
          [126.964693190979716, 37.942392175849882],
          [126.964681888213406, 37.942397678336661],
          [126.964669740546313, 37.942402762396753],
          [126.964656118888556, 37.942407258989668],
          [126.964641718952677, 37.942411028469472],
          [126.964626766539922, 37.942414251551959],
          [126.964611443991032, 37.942417082870719],
          [126.964549296140191, 37.942427107260144],
          [126.964534221834256, 37.942429945980365],
          [126.964519656747868, 37.942433237869444],
          [126.964505825938843, 37.942437203929401],
          [126.964493014312055, 37.94244212215019],
          [126.964481584033066, 37.94244834397805],
          [126.964471786449181, 37.942456173069417],
          [126.96446334059074, 37.942465294925874],
          [126.964455840591697, 37.942475334114221],
          [126.964448952798122, 37.942485984233684],
          [126.964429280168474, 37.942519164613813],
          [126.964422246823247, 37.942529907495839],
          [126.964414556876406, 37.942540111417792],
          [126.964405916253838, 37.942549503405615],
          [126.964396369081484, 37.942557690156228],
          [126.964386095600489, 37.942565045673717],
          [126.96437557417272, 37.942571771246513],
          [126.964355706678091, 37.94258391632993],
          [126.964347409926177, 37.942589539774019],
          [126.964341024949292, 37.942594953646818],
          [126.964337305365433, 37.942600198129369],
          [126.964336731715775, 37.942605577975655],
          [126.964339770995636, 37.942616499673534],
          [126.96433973835498, 37.942622353224259],
          [126.964336508450984, 37.942628746149637],
          [126.964330347269112, 37.94263526607336],
          [126.964321849093835, 37.94264153145717],
          [126.964311421707521, 37.94264712661569],
          [126.964299306130542, 37.942651574432581],
          [126.964286049116566, 37.94265443525606],
          [126.964271691842228, 37.942656080007815],
          [126.964256548086851, 37.942656827282974],
          [126.964240852234397, 37.942656921386146],
          [126.964224777104107, 37.942656547138498],
          [126.964208448411895, 37.94265584259125],
          [126.96417536428973, 37.942653822628657],
          [126.964058760077137, 37.942645052801154],
          [126.964009027389508, 37.942641938443536],
          [126.963976005909402, 37.942640772162157],
          [126.963959547644521, 37.94264069401072],
          [126.963943134599106, 37.942641117321664],
          [126.963926644115489, 37.9426421583861],
          [126.963910196872163, 37.942643705792541],
          [126.96387739036696, 37.942647807782031],
          [126.963828300786261, 37.942655277808932],
          [126.963583198723128, 37.942695796043026],
          [126.963354272983565, 37.942732884667237],
          [126.963321630488238, 37.942738315037005],
          [126.963289125316592, 37.942744055837423],
          [126.963256912159437, 37.942750457171861],
          [126.96324099589124, 37.942754088379765],
          [126.963225271348279, 37.94275815334467],
          [126.963209625957319, 37.942762795237719],
          [126.963194175642343, 37.942767878528805],
          [126.963178867365798, 37.942773283281504],
          [126.963148526226334, 37.942784716462732],
          [126.963103360006528, 37.942802650403131],
          [126.962863357177952, 37.942900465167682],
          [126.962833311281315, 37.94291256674186],
          [126.96280315365604, 37.942924322339273],
          [126.9627879933537, 37.942929947047801],
          [126.96277274477923, 37.942935297349678],
          [126.962757370877895, 37.942940257921855],
          [126.962741822095765, 37.942944674561979],
          [126.962726033086298, 37.942948343941211],
          [126.96270983891894, 37.942951117530512],
          [126.962693401740168, 37.942953135148294],
          [126.962676788129784, 37.942954603909023],
          [126.962660048487095, 37.94295568059065],
          [126.962626331662307, 37.942957094933824],
          [126.962575474929992, 37.942958340389787],
          [126.96242263439629, 37.942961225642065],
          [126.962151133999441, 37.942966897660845],
          [126.962117224171564, 37.942967789802523],
          [126.962083361351674, 37.942969005240968],
          [126.962049598002196, 37.942970893823208],
          [126.962032780988139, 37.942972271702267],
          [126.962016758635087, 37.942973954176878],
          [126.96200078037765, 37.94297593163023],
          [126.961984834528593, 37.942978126256179],
          [126.961953007852074, 37.942982946385676],
          [126.961921237823333, 37.942988111326564],
          [126.96187368193921, 37.942996259581733],
          [126.961842098269614, 37.943002019210617],
          [126.961810721229568, 37.943008286662952],
          [126.961795164140909, 37.943011740442174],
          [126.961779737772872, 37.943015512652018],
          [126.961764279996061, 37.94301972514743],
          [126.961733730378981, 37.943029040911718],
          [126.961688406462898, 37.943044228643835],
          [126.96156825637982, 37.943086441297659],
          [126.961523047767074, 37.943101902852234],
          [126.96149267856967, 37.94311166000498],
          [126.961477365101175, 37.943116230538031],
          [126.961461923473379, 37.943120494784644],
          [126.961445876696288, 37.943124494757335],
          [126.961429695475047, 37.943128173742011],
          [126.961397066099707, 37.943134895952682],
          [126.96134777061242, 37.943144150238425],
          [126.961215741177924, 37.943167634471656],
          [126.961050197310129, 37.94319648853287],
          [126.961017320720075, 37.943202495779182],
          [126.960984998039351, 37.943209066434605],
          [126.960969234979615, 37.943212758637905],
          [126.96095389928216, 37.943216888617805],
          [126.960939166537344, 37.943221637351428],
          [126.96092527054563, 37.943227246114084],
          [126.960912518363401, 37.943234032159332],
          [126.960901591579756, 37.943241890869984],
          [126.960891711683772, 37.943250833357446],
          [126.960882582008367, 37.943260560155146],
          [126.960873963353663, 37.943270833085215],
          [126.960840973773543, 37.943313940740339],
          [126.960832287483186, 37.94332450847196],
          [126.960823066365137, 37.943334700468064],
          [126.960813075974158, 37.943344335342346],
          [126.960802333741213, 37.943353109933497],
          [126.960790807363281, 37.943361294472133],
          [126.960778677066244, 37.943369005831116],
          [126.960766076000667, 37.943376322695279],
          [126.960753096977498, 37.943383288711885],
          [126.960739797772561, 37.943389914287131],
          [126.960726204921855, 37.943396176897032],
          [126.960712316038496, 37.943402019880757],
          [126.960698100760993, 37.943407349768997],
          [126.960683098889675, 37.943412220953618],
          [126.960667800034003, 37.943416586743751],
          [126.960652288614369, 37.943420585484681],
          [126.960636627831533, 37.943424320907283],
          [126.960605031552745, 37.943431281824324],
          [126.960557319671253, 37.943440974095644],
          [126.960525427903761, 37.943446975134698],
          [126.960493479392795, 37.943452311261325],
          [126.960477470121603, 37.9434545522831],
          [126.960461423609132, 37.943456359118436],
          [126.960445324679114, 37.943457574210591],
          [126.960429094235138, 37.94345807066145],
          [126.960412809516782, 37.943457968555343],
          [126.960396484602441, 37.943457424982945],
          [126.960380130114856, 37.943456559750302],
          [126.960363754035043, 37.943455463272066],
          [126.960330960078466, 37.943452831060192],
          [126.960232585585018, 37.943444109474768],
          [126.960200020261269, 37.943441873374894],
          [126.960183864760154, 37.943441160093201],
          [126.960167844838665, 37.943440876966996],
          [126.960152015310967, 37.943441196364361],
          [126.960136448887255, 37.943442346759973],
          [126.960121240758539, 37.943444627238051],
          [126.960106281698671, 37.943448333431213],
          [126.960091688758013, 37.943453193529614],
          [126.960077363517499, 37.943458897490856],
          [126.96006323110133, 37.943465209340658],
          [126.960049235329862, 37.943471951929439],
          [126.96003533463049, 37.943478994068251],
          [126.959993940401887, 37.943501087794473],
          [126.959801635674026, 37.943606739953658],
          [126.959774006738925, 37.943621454014945],
          [126.959746108043674, 37.943635563656755],
          [126.959731972877606, 37.943642203379952],
          [126.959717643110054, 37.943648408715433],
          [126.959703043126169, 37.943654010977596],
          [126.959688073528497, 37.943658788337792],
          [126.959672837306712, 37.943662522606999],
          [126.959657238917089, 37.943665449574318],
          [126.959641374800555, 37.943667785466594],
          [126.959625318605504, 37.943669695600128],
          [126.959592837755253, 37.943672705951272],
          [126.959543664929427, 37.943676257061007],
          [126.95939566403834, 37.943685888760868],
          [126.959362843511386, 37.943687722410907],
          [126.959330101263205, 37.94368896034625],
          [126.959313778329872, 37.943689173947959],
          [126.959297503119359, 37.94368897000092],
          [126.959281292112365, 37.943688194730569],
          [126.959264818289356, 37.943686686200785],
          [126.9592484105425, 37.94368458442078],
          [126.959232050985548, 37.943682050628624],
          [126.959215726021597, 37.943679207137457],
          [126.959183141722306, 37.943672933014412],
          [126.959118085568107, 37.943659368018288],
          [126.958825299843411, 37.943596821676522],
          [126.958792785309043, 37.943590263181548],
          [126.958776552238021, 37.943587231807015],
          [126.958760347468626, 37.943584479673525],
          [126.958744184913087, 37.943582135784624],
          [126.958728083962754, 37.94358037853155],
          [126.958712071349112, 37.943579451934525],
          [126.958696183509105, 37.943579686008796],
          [126.958680831102058, 37.943581302907802],
          [126.958665605027988, 37.943584055948506],
          [126.958650476376732, 37.943587637472902],
          [126.958635425063463, 37.943591799729653],
          [126.95862043916155, 37.943596337286067],
          [126.958590647436168, 37.943605820763146],
          [126.958574520664072, 37.943610174003318],
          [126.958556791047229, 37.943613568409631],
          [126.958538306428594, 37.943615529694959],
          [126.958519911530217, 37.94361560969373],
          [126.958502434965865, 37.943613452364225],
          [126.95848833531177, 37.943609676461286],
          [126.958475953359979, 37.943604806209528],
          [126.958465668857798, 37.943599607701827],
          [126.958457865771607, 37.94359481819653],
          [126.958452930894921, 37.94359114757868],
          [126.958451258099672, 37.943589229044704]
        ]
      }
    },
    {
      "type": "Feature",
      "properties": {
        "PMNTN_SN": 1133,
        "MNTN_CODE": "414800101",
        "MNTN_NM": "감악산",
        "PMNTN_NM": null,
        "PMNTN_MAIN": null,
        "PMNTN_LT": 0.21,
        "PMNTN_DFFL": "쉬움",
        "PMNTN_UPPL": 4,
        "PMNTN_GODN": 3,
        "PMNTN_MTRQ": null,
        "PMNTN_CNRL": null,
        "PMNTN_CLS_": null,
        "PMNTN_RISK": null,
        "PMNTN_RECO": null,
        "DATA_STDR_": "2016-12-31",
        "MNTN_ID": "2140140100"
      },
      "geometry": {
        "type": "LineString",
        "coordinates": [
          [126.958451258099672, 37.943589229044704],
          [126.95832226269664, 37.94346403386178],
          [126.958300619725946, 37.943443330072306],
          [126.958278635555359, 37.943423010168566],
          [126.958267401919585, 37.943413121920081],
          [126.958255910828456, 37.943403523227985],
          [126.958244057592736, 37.943394331803589],
          [126.958231702600699, 37.943385704619388],
          [126.958218662073335, 37.943377848301253],
          [126.958204845198779, 37.943370952786829],
          [126.958190358833448, 37.94336481020634],
          [126.958175390219509, 37.943359210144934],
          [126.958160078744953, 37.943353995981958],
          [126.95814452692575, 37.943349052541095],
          [126.958112979529602, 37.943339666325599],
          [126.958001239151486, 37.943308309281669],
          [126.957953723910492, 37.943294402975106],
          [126.957938105085205, 37.943289494726571],
          [126.957922680179848, 37.943284344838212],
          [126.957907527809652, 37.943278854971702],
          [126.957892753273711, 37.943272893432379],
          [126.957878495652039, 37.943266286303391],
          [126.957865309391508, 37.943259148616896],
          [126.957852610858239, 37.943251401690468],
          [126.957840272475224, 37.943243204959707],
          [126.957828196628839, 37.94323468041113],
          [126.957816309538231, 37.943225920242824],
          [126.957781296522882, 37.943198831052612],
          [126.957723578805656, 37.943152886453156],
          [126.957700331506601, 37.943134703678993],
          [126.95767671892493, 37.943116966905095],
          [126.957664667303519, 37.943108397883393],
          [126.957652363485892, 37.943100136505848],
          [126.957639713592528, 37.943092297224808],
          [126.957626594921805, 37.943085029633764],
          [126.957612538247858, 37.943078287954627],
          [126.957597992100446, 37.943072143166503],
          [126.957583088660584, 37.943066434079803],
          [126.957567928352958, 37.943061038226368],
          [126.957552586421258, 37.943055863841778],
          [126.957521564994309, 37.943045926629416],
          [126.957474641059648, 37.943031498126366],
          [126.957254988443751, 37.942964965943524],
          [126.957223731679917, 37.942955316485232],
          [126.957192739019874, 37.94294535934322],
          [126.95717743375603, 37.942940158305653],
          [126.95716233451742, 37.942934717427818],
          [126.95714752694451, 37.942928937036328],
          [126.957133125355313, 37.942922684076855],
          [126.957119280248037, 37.942915783380428],
          [126.957105981865539, 37.94290801070639],
          [126.95709324994472, 37.942899578508104],
          [126.957080930073133, 37.942890666323279],
          [126.957068905185736, 37.942881410184128],
          [126.957057087610579, 37.942871911857395],
          [126.957033831437485, 37.942852469911521],
          [126.956976350667475, 37.942803038910682],
          [126.956953189712351, 37.942783409397236],
          [126.956929652954599, 37.942764152912702],
          [126.956917641883663, 37.942754770735483],
          [126.956905386975635, 37.942745639090305],
          [126.95689280188185, 37.942736849867416],
          [126.956879774200587, 37.942728523649443],
          [126.956866821966486, 37.942721081721736],
          [126.956853501497662, 37.942714042222512],
          [126.956799407316595, 37.942687338676912],
          [126.956786426182802, 37.942680433144503],
          [126.956774041041967, 37.942673164457233],
          [126.956762524049779, 37.942665349445541],
          [126.95675222469076, 37.942656756990203],
          [126.956743342303881, 37.942647090409537],
          [126.956735728300416, 37.942636605924655],
          [126.956729036112463, 37.942625523970918],
          [126.95672298639596, 37.942614021430842],
          [126.956700928962036, 37.942566462491627],
          [126.956694942242649, 37.942554787564106],
          [126.956687821043388, 37.942543148337116],
          [126.956677887189116, 37.942530900037639],
          [126.956665571677362, 37.942518984625124],
          [126.956651408494722, 37.942507428664371],
          [126.956636302397342, 37.942496497272025],
          [126.956621149259576, 37.942486460267915],
          [126.956606829091228, 37.942477596174172],
          [126.956594207227823, 37.942470191725313],
          [126.956575123850968, 37.942459643918532]
        ]
      }
    },
    {
      "type": "Feature",
      "properties": {
        "PMNTN_SN": 1134,
        "MNTN_CODE": "414800101",
        "MNTN_NM": "감악산",
        "PMNTN_NM": null,
        "PMNTN_MAIN": null,
        "PMNTN_LT": 0.07,
        "PMNTN_DFFL": "쉬움",
        "PMNTN_UPPL": 1,
        "PMNTN_GODN": 1,
        "PMNTN_MTRQ": null,
        "PMNTN_CNRL": null,
        "PMNTN_CLS_": null,
        "PMNTN_RISK": null,
        "PMNTN_RECO": null,
        "DATA_STDR_": "2016-12-31",
        "MNTN_ID": "2140140100"
      },
      "geometry": {
        "type": "LineString",
        "coordinates": [
          [126.969348150815478, 37.939745047874155],
          [126.969349715376225, 37.939732913327425],
          [126.969355083065309, 37.939720487829007],
          [126.96935966964854, 37.939707771347948],
          [126.969363698781493, 37.939694852074531],
          [126.969367337274292, 37.939681794801473],
          [126.969373899635571, 37.939655440325836],
          [126.969412756340461, 37.939483242054443],
          [126.96945605135889, 37.939298322383841],
          [126.969461586309734, 37.939272007898836],
          [126.969463944116498, 37.939258906788289],
          [126.969465831449654, 37.939245869958249],
          [126.969467015708062, 37.939232929093905],
          [126.969467151821917, 37.939220107477013],
          [126.969464982585407, 37.939206191084473],
          [126.969459803709867, 37.939191124591218],
          [126.969452229361849, 37.939175470594655],
          [126.969443103998287, 37.939159853514461],
          [126.969433258267316, 37.93914489965308],
          [126.969423497901744, 37.939131238710829],
          [126.969401048144348, 37.939102169583961]
        ]
      }
    },
    {
      "type": "Feature",
      "properties": {
        "PMNTN_SN": 1135,
        "MNTN_CODE": "414800101",
        "MNTN_NM": "감악산",
        "PMNTN_NM": null,
        "PMNTN_MAIN": null,
        "PMNTN_LT": 0.14,
        "PMNTN_DFFL": "쉬움",
        "PMNTN_UPPL": 2,
        "PMNTN_GODN": 2,
        "PMNTN_MTRQ": null,
        "PMNTN_CNRL": null,
        "PMNTN_CLS_": null,
        "PMNTN_RISK": null,
        "PMNTN_RECO": null,
        "DATA_STDR_": "2016-12-31",
        "MNTN_ID": "2140140100"
      },
      "geometry": {
        "type": "LineString",
        "coordinates": [
          [126.970075991507315, 37.9411477749818],
          [126.970042618600402, 37.941125417642489],
          [126.969918047398153, 37.94104297665298],
          [126.969891927753181, 37.941025318188402],
          [126.969866530290219, 37.941007331532802],
          [126.969854364031789, 37.940998116587487],
          [126.969842778166651, 37.940988671803851],
          [126.96983202015771, 37.940978909320357],
          [126.969822422889038, 37.940968713328829],
          [126.969814428295805, 37.940957933209688],
          [126.969808735589311, 37.940947209972236],
          [126.96980452867453, 37.94093602661254],
          [126.969801507873328, 37.940924571301458],
          [126.969799483241502, 37.940913011762326],
          [126.969798362545532, 37.940901507418864],
          [126.969798144255236, 37.940890221251827],
          [126.969798915440634, 37.940879331628445],
          [126.969800854279796, 37.940869044354741],
          [126.969804236710743, 37.940859605088534],
          [126.969809446494452, 37.940851312022104],
          [126.969816314744236, 37.940844649461347],
          [126.969832947024017, 37.940832763358557],
          [126.969841137437214, 37.940826272551128],
          [126.96984809346543, 37.940819008082919],
          [126.969854000883146, 37.940810837406154],
          [126.969858799553833, 37.940801953257079],
          [126.969862364834256, 37.940792508995656],
          [126.96986449868669, 37.940782624322807],
          [126.969865007650526, 37.940770870069692],
          [126.969863841693353, 37.940758786059725],
          [126.969861445328391, 37.940746470295785],
          [126.969858152484818, 37.94073399639592],
          [126.969854207819068, 37.940721419962443],
          [126.969849784043248, 37.940708783864459],
          [126.969844995341546, 37.940696122666679],
          [126.969834542531203, 37.940670844150404],
          [126.969828885752804, 37.940658286892784],
          [126.969822882907479, 37.940645831030778],
          [126.969816440351835, 37.940633521494902],
          [126.969809645564055, 37.940621677923367],
          [126.969802445027, 37.940609987386289],
          [126.969787224778742, 37.940586968916435],
          [126.969771295516281, 37.940564404174658],
          [126.969763122914543, 37.940553334095512],
          [126.969746299635588, 37.940531857814939],
          [126.969737560717306, 37.940521619258142],
          [126.969728503523825, 37.940511879401619],
          [126.969719015327371, 37.940502814943727],
          [126.969708945971107, 37.940494656412739],
          [126.969698100381166, 37.940487699606791],
          [126.969687965481697, 37.940482783458044],
          [126.969666691205674, 37.940474249956182],
          [126.969656164458982, 37.940469550762835],
          [126.969644045907572, 37.940462716106097],
          [126.969632464227644, 37.940454749848513],
          [126.96962128920859, 37.940445935595484],
          [126.969610418256025, 37.940436494352042],
          [126.969599771825187, 37.940426595720773],
          [126.969578924191083, 37.940405907352591],
          [126.969548236798516, 37.940373743411364],
          [126.9693355674478, 37.94014517720089]
        ]
      }
    },
    {
      "type": "Feature",
      "properties": {
        "PMNTN_SN": 1136,
        "MNTN_CODE": "414800101",
        "MNTN_NM": "감악산",
        "PMNTN_NM": null,
        "PMNTN_MAIN": null,
        "PMNTN_LT": 0.11,
        "PMNTN_DFFL": "쉬움",
        "PMNTN_UPPL": 2,
        "PMNTN_GODN": 1,
        "PMNTN_MTRQ": null,
        "PMNTN_CNRL": null,
        "PMNTN_CLS_": null,
        "PMNTN_RISK": null,
        "PMNTN_RECO": null,
        "DATA_STDR_": "2016-12-31",
        "MNTN_ID": "2140140100"
      },
      "geometry": {
        "type": "LineString",
        "coordinates": [
          [126.969796428076734, 37.941143534214248],
          [126.969713848799586, 37.941195565066849],
          [126.96960021183132, 37.941286465195169],
          [126.969576314195393, 37.941305243330142],
          [126.969564154077545, 37.941314308412181],
          [126.969551776730839, 37.941323038908926],
          [126.969539101069117, 37.941331308503138],
          [126.969526020960288, 37.941338951421343],
          [126.969512399430698, 37.941345753102006],
          [126.969499447724331, 37.941351087921689],
          [126.96945944329542, 37.941365022222726],
          [126.969446473916832, 37.941370030499456],
          [126.969434080429096, 37.941375760667661],
          [126.969421904769561, 37.941382811655998],
          [126.969410405976788, 37.941390743308595],
          [126.969399369688418, 37.941399292687507],
          [126.969356419565656, 37.941435630102994],
          [126.969345176013618, 37.941444361872456],
          [126.969333365461736, 37.941452576339707],
          [126.969321061489993, 37.941459987633365],
          [126.969308171156484, 37.94146684950082],
          [126.969294844057785, 37.941473301078446],
          [126.969281198716146, 37.941479453190823],
          [126.969253312584144, 37.94149119808813],
          [126.969196973735379, 37.94151420820566],
          [126.969183112273413, 37.941520203902598],
          [126.969169480909017, 37.941526442821129],
          [126.969156177763253, 37.941533027987596],
          [126.969143327125067, 37.941540090309175],
          [126.969130335303518, 37.941548193392876],
          [126.969117852445052, 37.941556832882618],
          [126.969105743789925, 37.941565866470519],
          [126.969093906512853, 37.941575185627372],
          [126.969082263165248, 37.941584708652464],
          [126.969059343053289, 37.941604139449716],
          [126.968867595060317, 37.94177249342917]
        ]
      }
    },
    {
      "type": "Feature",
      "properties": {
        "PMNTN_SN": 1137,
        "MNTN_CODE": "414800101",
        "MNTN_NM": "감악산",
        "PMNTN_NM": null,
        "PMNTN_MAIN": null,
        "PMNTN_LT": 0.05,
        "PMNTN_DFFL": "쉬움",
        "PMNTN_UPPL": 1,
        "PMNTN_GODN": 1,
        "PMNTN_MTRQ": null,
        "PMNTN_CNRL": null,
        "PMNTN_CLS_": null,
        "PMNTN_RISK": null,
        "PMNTN_RECO": null,
        "DATA_STDR_": "2016-12-31",
        "MNTN_ID": "2140140100"
      },
      "geometry": {
        "type": "LineString",
        "coordinates": [
          [126.969401048144348, 37.939102169583961],
          [126.96939890642733, 37.939095805874963],
          [126.969396194718996, 37.939089094591331],
          [126.96939231831854, 37.939081190122302],
          [126.96938722446346, 37.939072962163962],
          [126.969380846596593, 37.939065301393626],
          [126.969373098792389, 37.939059127831356],
          [126.969364070593144, 37.939055213883904],
          [126.969354250507948, 37.939053475281078],
          [126.969344346238003, 37.939053616773023],
          [126.969334592019521, 37.939054980753149],
          [126.969314370093215, 37.939058839267709],
          [126.969283224182959, 37.939065884403426],
          [126.969178442621285, 37.939091048823599],
          [126.969147165996532, 37.939097911804687],
          [126.969136805677053, 37.939099849961615],
          [126.969126503102302, 37.939101468719358],
          [126.969116282683274, 37.939102628667001],
          [126.969106178013675, 37.939103138549704],
          [126.969096234739695, 37.939102739012519],
          [126.969086580774459, 37.939101228512556],
          [126.969077090308502, 37.939098795227601],
          [126.969067720994289, 37.939095678415704],
          [126.969058440437877, 37.939092061060009],
          [126.969049224164579, 37.93908808137536],
          [126.969040053913162, 37.939083842455389],
          [126.969020545968959, 37.939074216647157],
          [126.968946457223993, 37.939035533103002],
          [126.968940043664531, 37.939032374601297]
        ]
      }
    },
    {
      "type": "Feature",
      "properties": {
        "PMNTN_SN": 1138,
        "MNTN_CODE": "414800101",
        "MNTN_NM": "감악산",
        "PMNTN_NM": null,
        "PMNTN_MAIN": null,
        "PMNTN_LT": 0.07,
        "PMNTN_DFFL": "쉬움",
        "PMNTN_UPPL": 1,
        "PMNTN_GODN": 1,
        "PMNTN_MTRQ": null,
        "PMNTN_CNRL": null,
        "PMNTN_CLS_": null,
        "PMNTN_RISK": null,
        "PMNTN_RECO": null,
        "DATA_STDR_": "2016-12-31",
        "MNTN_ID": "2140140100"
      },
      "geometry": {
        "type": "LineString",
        "coordinates": [
          [126.968940043664531, 37.939032374601297],
          [126.969023902440398, 37.938971785249592],
          [126.969099931293556, 37.938916183015657],
          [126.969122867499038, 37.938899824516632],
          [126.969138416143252, 37.938889570034519],
          [126.969146353285382, 37.938884853995908],
          [126.969154463965893, 37.93888057622744],
          [126.96916281915199, 37.93887691595522],
          [126.969171514035338, 37.938874113583459],
          [126.969180483968529, 37.938872388841396],
          [126.969189789701588, 37.938871512155352],
          [126.969199342337461, 37.938871259016821],
          [126.969209074177371, 37.93887145845359],
          [126.96921893427664, 37.938871981805327],
          [126.96923889768523, 37.938873642726051],
          [126.969259035847557, 37.938875744976926],
          [126.969345932981696, 37.938885647203371],
          [126.969380068805634, 37.938882859354855],
          [126.969401048144348, 37.939102169583961]
        ]
      }
    },
    {
      "type": "Feature",
      "properties": {
        "PMNTN_SN": 1139,
        "MNTN_CODE": "414800101",
        "MNTN_NM": "감악산",
        "PMNTN_NM": null,
        "PMNTN_MAIN": null,
        "PMNTN_LT": 0.02,
        "PMNTN_DFFL": "쉬움",
        "PMNTN_UPPL": 1,
        "PMNTN_GODN": 0,
        "PMNTN_MTRQ": null,
        "PMNTN_CNRL": null,
        "PMNTN_CLS_": null,
        "PMNTN_RISK": null,
        "PMNTN_RECO": null,
        "DATA_STDR_": "2016-12-31",
        "MNTN_ID": "2140140100"
      },
      "geometry": {
        "type": "LineString",
        "coordinates": [
          [126.969793425607946, 37.941142328353862],
          [126.970075991507315, 37.9411477749818]
        ]
      }
    },
    {
      "type": "Feature",
      "properties": {
        "PMNTN_SN": 1140,
        "MNTN_CODE": "414800101",
        "MNTN_NM": "감악산",
        "PMNTN_NM": "객현리구간",
        "PMNTN_MAIN": null,
        "PMNTN_LT": 0.03,
        "PMNTN_DFFL": "쉬움",
        "PMNTN_UPPL": 1,
        "PMNTN_GODN": 0,
        "PMNTN_MTRQ": null,
        "PMNTN_CNRL": null,
        "PMNTN_CLS_": null,
        "PMNTN_RISK": null,
        "PMNTN_RECO": null,
        "DATA_STDR_": "2016-12-31",
        "MNTN_ID": "2140140100"
      },
      "geometry": {
        "type": "LineString",
        "coordinates": [
          [126.97020388947405, 37.941315511476198],
          [126.970209422951868, 37.941336875463911],
          [126.970216985747541, 37.941363137478717],
          [126.970221180662037, 37.941376078769665],
          [126.970225820391377, 37.941388817359872],
          [126.97023108946523, 37.941401270241656],
          [126.970237235137915, 37.941413326185341],
          [126.970244584317172, 37.941424838073104],
          [126.970253327666214, 37.941435606560241],
          [126.970263248766997, 37.941445843239407],
          [126.970274022114296, 37.941455695204262],
          [126.970285403238918, 37.941465273012376],
          [126.970309312806293, 37.941483912329183],
          [126.970346559983454, 37.941511256028868],
          [126.970399920399799, 37.941549422195301]
        ]
      }
    },
    {
      "type": "Feature",
      "properties": {
        "PMNTN_SN": 1141,
        "MNTN_CODE": "414800101",
        "MNTN_NM": "감악산",
        "PMNTN_NM": "객현리구간",
        "PMNTN_MAIN": null,
        "PMNTN_LT": 0.02,
        "PMNTN_DFFL": "쉬움",
        "PMNTN_UPPL": 1,
        "PMNTN_GODN": 0,
        "PMNTN_MTRQ": null,
        "PMNTN_CNRL": null,
        "PMNTN_CLS_": null,
        "PMNTN_RISK": null,
        "PMNTN_RECO": null,
        "DATA_STDR_": "2016-12-31",
        "MNTN_ID": "2140140100"
      },
      "geometry": {
        "type": "LineString",
        "coordinates": [
          [126.970075991507315, 37.9411477749818],
          [126.970079815030545, 37.941147364919296],
          [126.970088769846555, 37.941147766680558],
          [126.970101296535205, 37.941149448958534],
          [126.970115759089666, 37.94115294838673],
          [126.97013048001773, 37.941158838970175],
          [126.970143981648093, 37.941167573040289],
          [126.970155619150688, 37.941178704914087],
          [126.970165197599016, 37.941191426606984],
          [126.970172613203019, 37.941204846060387],
          [126.970177782367884, 37.941218053057234],
          [126.970181625883697, 37.941230945958118],
          [126.97018878713321, 37.941257203375415],
          [126.97020388947405, 37.941315511476198]
        ]
      }
    },
    {
      "type": "Feature",
      "properties": {
        "PMNTN_SN": 1142,
        "MNTN_CODE": "414800101",
        "MNTN_NM": "감악산",
        "PMNTN_NM": "신암리구간",
        "PMNTN_MAIN": null,
        "PMNTN_LT": 0.07,
        "PMNTN_DFFL": "쉬움",
        "PMNTN_UPPL": 1,
        "PMNTN_GODN": 1,
        "PMNTN_MTRQ": null,
        "PMNTN_CNRL": null,
        "PMNTN_CLS_": null,
        "PMNTN_RISK": null,
        "PMNTN_RECO": null,
        "DATA_STDR_": "2016-12-31",
        "MNTN_ID": "2140140100"
      },
      "geometry": {
        "type": "LineString",
        "coordinates": [
          [126.968940043664531, 37.939032374601297],
          [126.968866333247036, 37.939062489112708],
          [126.968826810278159, 37.939077866988782],
          [126.968807981351787, 37.939084771792579],
          [126.968790877098627, 37.939090610671492],
          [126.968775460708699, 37.939095308284628],
          [126.968759956909594, 37.939099417506654],
          [126.968744217248329, 37.939102798938016],
          [126.968728969794256, 37.939105221522638],
          [126.968713532806888, 37.939107033260065],
          [126.968697978978724, 37.939108434564176],
          [126.968635834289245, 37.93911290101989],
          [126.968620649361512, 37.93911439418374],
          [126.96860578009472, 37.939116336577342],
          [126.9685913530693, 37.939118927798049],
          [126.968577529417743, 37.939122416907786],
          [126.968564513938418, 37.939127117131832],
          [126.968551686937658, 37.939133730657716],
          [126.968539731588095, 37.939141669381634],
          [126.968528375374561, 37.939150539082625],
          [126.968517398623803, 37.939160028254499],
          [126.968484985856989, 37.939189845241273],
          [126.968473806652796, 37.939199550529409],
          [126.96846213516109, 37.939208784492301],
          [126.968449739460809, 37.93921728880585],
          [126.96843725055345, 37.939224428540236],
          [126.968424086543706, 37.939230853515198],
          [126.968410418683575, 37.939236718749839],
          [126.968396380253111, 37.939242131765916],
          [126.968382074059861, 37.939247156775096],
          [126.968367578933567, 37.939251816936881],
          [126.96835295521862, 37.939256094443813],
          [126.968338249351731, 37.939259928257165],
          [126.968323497649862, 37.939263209348084],
          [126.968308729444942, 37.939265773329261],
          [126.968293969693633, 37.939267390419786],
          [126.968279241175793, 37.939267752817287],
          [126.96827105399187, 37.939261491150823]
        ]
      }
    },
    {
      "type": "Feature",
      "properties": {
        "PMNTN_SN": 1143,
        "MNTN_CODE": "414800101",
        "MNTN_NM": "감악산",
        "PMNTN_NM": null,
        "PMNTN_MAIN": null,
        "PMNTN_LT": 0.11,
        "PMNTN_DFFL": "쉬움",
        "PMNTN_UPPL": 2,
        "PMNTN_GODN": 1,
        "PMNTN_MTRQ": null,
        "PMNTN_CNRL": null,
        "PMNTN_CLS_": null,
        "PMNTN_RISK": null,
        "PMNTN_RECO": null,
        "DATA_STDR_": "2016-12-31",
        "MNTN_ID": "416300101"
      },
      "geometry": {
        "type": "LineString",
        "coordinates": [
          [126.96827105399187, 37.939261491150823],
          [126.968278343485906, 37.939277784477945],
          [126.968830039107559, 37.939589858535875],
          [126.969055138000471, 37.939657742418326],
          [126.969348150815478, 37.939745047874155]
        ]
      }
    },
    {
      "type": "Feature",
      "properties": {
        "PMNTN_SN": 1144,
        "MNTN_CODE": "414800101",
        "MNTN_NM": "감악산",
        "PMNTN_NM": null,
        "PMNTN_MAIN": null,
        "PMNTN_LT": 0.18,
        "PMNTN_DFFL": "쉬움",
        "PMNTN_UPPL": 3,
        "PMNTN_GODN": 2,
        "PMNTN_MTRQ": null,
        "PMNTN_CNRL": null,
        "PMNTN_CLS_": null,
        "PMNTN_RISK": null,
        "PMNTN_RECO": null,
        "DATA_STDR_": "2016-12-31",
        "MNTN_ID": "416300101"
      },
      "geometry": {
        "type": "LineString",
        "coordinates": [
          [126.969348150815478, 37.939745047874155],
          [126.969407792747973, 37.939764810294342],
          [126.969454799853722, 37.939764130585196],
          [126.969500588818931, 37.939768396695115],
          [126.969591316669948, 37.939785956948647],
          [126.969627798620934, 37.939790990906111],
          [126.969664572598418, 37.939791322027482],
          [126.969709208844648, 37.939779828539024],
          [126.969761600775541, 37.93975004076345],
          [126.969837904866694, 37.939690032602044],
          [126.969873088946727, 37.939666802801909],
          [126.969917662352998, 37.939644548405816],
          [126.970022745013566, 37.939598944478305],
          [126.970067233498028, 37.939575496259799],
          [126.970097443323951, 37.939556428364632],
          [126.970133276665308, 37.939530786838127],
          [126.970179192387562, 37.939494178926807],
          [126.970204706446751, 37.939468743780402],
          [126.970229296381106, 37.939432967419378],
          [126.970242463512577, 37.939386354376012],
          [126.970242740392834, 37.93935139441767],
          [126.970230794131865, 37.939259256890814],
          [126.970228903736881, 37.939221887273057],
          [126.970230050348832, 37.939168505137104],
          [126.970235803542593, 37.939111121294772],
          [126.97024116162541, 37.939077195996788],
          [126.970249018407074, 37.939047536374545],
          [126.970261849254214, 37.939016563539091],
          [126.970281189685181, 37.938981999402259],
          [126.970334716232486, 37.938901018506726],
          [126.970364146282947, 37.938851241843345],
          [126.970410209187705, 37.938786674137901],
          [126.970430421686757, 37.938747255935773],
          [126.970427963250799, 37.938716308067526]
        ]
      }
    },
    {
      "type": "Feature",
      "properties": {
        "PMNTN_SN": 1145,
        "MNTN_CODE": "414800101",
        "MNTN_NM": "감악산",
        "PMNTN_NM": null,
        "PMNTN_MAIN": null,
        "PMNTN_LT": 0.06,
        "PMNTN_DFFL": "쉬움",
        "PMNTN_UPPL": 1,
        "PMNTN_GODN": 1,
        "PMNTN_MTRQ": null,
        "PMNTN_CNRL": null,
        "PMNTN_CLS_": null,
        "PMNTN_RISK": null,
        "PMNTN_RECO": null,
        "DATA_STDR_": "2016-12-31",
        "MNTN_ID": "2140140100"
      },
      "geometry": {
        "type": "LineString",
        "coordinates": [
          [126.9693355674478, 37.94014517720089],
          [126.969333335417048, 37.940143991228283],
          [126.969301797084384, 37.940129810025219],
          [126.969286034081335, 37.940122291457953],
          [126.969269111365577, 37.940113766809368],
          [126.969251912853323, 37.940104463417029],
          [126.969235336675595, 37.940094599403778],
          [126.969220295130697, 37.940084385018288],
          [126.969207706103305, 37.940074029248024],
          [126.969198079477835, 37.940063546260198],
          [126.969190197411194, 37.940052745475249],
          [126.96918310548125, 37.940041459023611],
          [126.969176610010194, 37.940029834204651],
          [126.969170594959209, 37.940017977992667],
          [126.96916500871815, 37.940005969030075],
          [126.969159856139541, 37.939993867254515],
          [126.969155195349344, 37.939981721687346],
          [126.969151138753219, 37.93996957700049],
          [126.969147857682799, 37.939957479452325],
          [126.969145590120689, 37.939945482732512],
          [126.969144557779941, 37.939934837567073],
          [126.969144188422945, 37.939924419520686],
          [126.969144038127254, 37.939904732038435],
          [126.9691436304376, 37.939895768517239],
          [126.969142604346715, 37.939887660421974],
          [126.969139291004666, 37.939874669258799],
          [126.969138758415951, 37.939869551679891],
          [126.969140373215978, 37.939865317401996],
          [126.969145760191793, 37.939861561101857],
          [126.969154291423536, 37.939858595649817],
          [126.969165085500634, 37.93985609276649],
          [126.969190772451483, 37.93985132532184],
          [126.969204610786619, 37.939848501702294],
          [126.969218527607055, 37.939844979340911],
          [126.969232123210091, 37.939840396933747],
          [126.969244583744157, 37.939834727152878],
          [126.969256492114482, 37.939828000529744],
          [126.969267936608588, 37.939820466680871],
          [126.9692789768811, 37.93981231552663],
          [126.969289643455497, 37.939803686674992],
          [126.969299936532224, 37.939794677122137],
          [126.969309823694132, 37.939785347160722],
          [126.969319236215739, 37.939775724512351],
          [126.969328063768927, 37.939765806769067],
          [126.969336147403482, 37.939755562265283],
          [126.969348150815478, 37.939745047874155]
        ]
      }
    }
  ]
}
